cm,%
649.8934000000002,99.87572000000002
650.8576,99.8016
651.8218,99.73552000000002
652.7861,99.66246000000001
653.7503000000002,99.59534000000002
654.7145,99.53336000000002
655.6788,99.47356
656.6430000000001,99.40854000000002
657.6072,99.32885999999999
658.5715,99.23152
659.5357,99.1276
660.4999,99.03739999999999
661.4642000000001,98.97040000000001
662.4284,98.90812000000001
663.3926000000001,98.80454
664.3569000000001,98.59536
665.3211,98.20660000000001
666.2853,97.57592
667.2496,96.7417
668.2138,95.97998000000001
669.178,95.66436
670.1423,95.82384
671.1065000000001,96.1852
672.0707,96.53012000000001
673.035,96.77812000000002
673.9992,96.91918
674.9634000000001,96.9683
675.9277,96.95400000000001
676.8919,96.9172
677.8561000000001,96.904
678.8204000000001,96.95438
679.7846,97.09242
680.7488,97.32024
681.7131,97.61722
682.6773000000001,97.94798
683.6415,98.27878000000001
684.6058,98.59014
685.57,98.87594
686.5342,99.13024
687.4985000000001,99.33500000000001
688.4627,99.4598
689.4269000000002,99.47396
690.3912000000001,99.36528
691.3554,99.16828000000001
692.3196,98.9872
693.2839,98.96704
694.2481,99.18360000000001
695.2123,99.56348
696.1766,99.96008000000002
697.1408000000001,100.26339999999999
698.105,100.4324
699.0693,100.4788
700.0335,100.4454
700.9977000000001,100.3794
701.962,100.31660000000001
702.9262,100.2696
703.8904000000001,100.23960000000002
704.8547000000001,100.2234
705.8189,100.21780000000001
706.7831,100.21920000000001
707.7474,100.2192
708.7116000000001,100.20960000000001
709.6758,100.18088
710.6401,100.1294
711.6043000000001,100.05684000000001
712.5685,99.96684000000002
713.5328,99.8606
714.497,99.73384000000001
715.4612,99.85172000000001
716.4255000000002,99.63536
717.3897,99.38892000000001
718.3539000000001,99.13636000000002
719.3182,98.91532000000001
720.2824,98.76236
721.2466,98.69226
722.2109,98.68784000000001
723.1751000000002,98.70920000000001
724.1393,98.76834000000001
725.1036,98.84344000000002
726.0678,98.87906000000001
727.0320000000002,98.89850000000001
727.9963,98.93402
728.9605,99.01116
729.9247000000001,99.13708
730.8890000000001,99.30044000000001
731.8532,99.48544000000001
732.8174,99.67060000000001
733.7817,99.8306
734.7459000000001,99.95888000000001
735.7101,100.05468
736.6744,100.119
737.6386000000001,100.15140000000001
738.6028,100.1498
739.5671,100.1172
740.5313,100.0618
741.4955,100.00012000000001
742.4598000000001,99.95096000000001
743.424,99.92804000000001
744.3882000000001,99.93440000000001
745.3525000000001,99.95880000000001
746.3167,99.98264
747.2809,99.98864
748.2452,99.97004000000001
749.2094,99.93284
750.1736,99.89224
751.1379,99.86260000000001
752.1021000000001,99.8498
753.0663,99.8488
754.0306,99.84824000000002
754.9948,99.83812
755.9590000000001,99.81416000000002
756.9233000000002,99.77998000000001
757.8875,99.74326
758.8517,99.7122
759.816,99.69328
760.7802000000001,99.69042000000002
761.7444,99.7048
762.7087,99.73430000000002
763.6729000000001,99.77356
764.6371,99.81644000000001
765.6014,99.85884
766.5656,99.90108
767.5298,99.94632
768.4941000000001,99.99660000000002
769.4583,100.04860000000001
770.4225000000001,100.094
771.3868000000001,100.122
772.351,100.1276
773.3152000000001,100.11160000000001
774.2795000000001,100.0798
775.2437,100.03880000000001
776.2079,99.9932
777.1722,99.94412000000001
778.1364000000001,99.89264
779.1006,99.84200000000001
780.0649,99.79736
781.0291000000001,99.76144000000001
781.9933000000001,99.73310000000001
782.9576,99.7069
783.9218,99.67628
784.8860000000001,99.63736
785.8503000000001,99.58982000000002
786.8145,99.53547999999999
787.7787000000001,99.47626000000001
788.743,99.41298
789.7072000000001,99.34654
790.6714,99.27904000000001
791.6357,99.21396000000001
792.5999000000002,99.15390000000001
793.5641,99.09812000000001
794.5284000000001,99.0419
795.4926,98.97838000000002
796.4568000000002,98.90220000000001
797.4211000000001,98.81232
798.3853,98.71286
799.3495000000001,98.61028000000002
800.3138000000001,98.50968
801.278,98.41138000000001
802.2422,98.30988000000002
803.2065,98.19532000000001
804.1707000000001,98.05762
805.1349,97.89000000000001
806.0992,97.69172
807.0634000000001,97.46824000000001
808.0276000000001,97.22872000000001
808.9919,96.98320000000001
809.9561,96.7399
810.9203000000001,96.50498000000002
811.8846000000001,96.28334000000001
812.8488,96.07990000000001
813.8130000000001,95.89952000000001
814.7773000000001,95.7457
815.7415000000001,95.61894000000001
816.7057,95.51564000000002
817.67,95.42927999999999
818.6342000000001,95.3538
819.5984,95.28696000000002
820.5627,95.23196000000002
821.5269000000001,95.19543999999999
822.4911,95.18298
823.4554000000002,95.1944
824.4196,95.2222
825.3839,95.25426000000002
826.3481000000002,95.27892
827.3123,95.28966
828.2766000000001,95.28486
829.2408,95.26408
830.2050000000002,95.22244
831.1693000000001,95.14818000000001
832.1335,95.02598
833.0977000000001,94.84313999999999
834.0620000000001,94.59660000000001
835.0262,94.29524
835.9904,93.95634000000001
836.9547,93.5982
837.9189000000001,93.23352000000001
838.8831,92.86666
839.8474,92.49522
840.8116000000001,92.11538
841.7758000000001,91.72778
842.7401,91.34082000000001
843.7043,90.97054
844.6685000000001,90.63644
845.6328000000001,90.35564000000001
846.597,90.13698000000001
847.5612000000001,89.97886
848.5255000000001,89.87088
849.4897000000001,89.79918
850.4539,89.75280000000001
851.4182,89.72702000000001
852.3824000000001,89.72232000000001
853.3466,89.73992000000001
854.3109,89.77824000000001
855.2751000000001,89.83106000000001
856.2393,89.89059999999999
857.2036000000002,89.95144
858.1678,90.01338
859.1320000000001,90.08150000000002
860.0963000000002,90.16258
861.0605,90.26270000000001
862.0247,90.38638
862.989,90.53776
863.9532000000002,90.72272000000001
864.9174,90.94778000000001
865.8817,91.21746
866.8459000000001,91.53103999999999
867.8101000000001,91.88217999999999
868.7744,92.26188
869.7386,92.66226
870.7028000000001,93.07816
871.6671000000001,93.50392000000001
872.6313,93.92916000000001
873.5955000000001,94.33618000000001
874.5598000000001,94.70364
875.5240000000001,95.01498000000001
876.4882,95.26616
877.4525,95.46702
878.4167000000001,95.63566
879.3809,95.78784000000002
880.3452,95.93038
881.3094000000001,96.0604
882.2736,96.17056
883.2379000000001,96.25568000000001
884.2021,96.31500000000001
885.1663000000001,96.33036
886.1306000000001,96.31026000000001
887.0948,96.26668000000001
888.0590000000001,96.19766000000001
889.0233000000001,96.10426000000001
889.9875,95.99064
890.9517,95.86298
891.916,95.72538
892.8802000000001,95.57832
893.8444,95.41936
894.8087,95.24584
895.7729,95.05636000000001
896.7371000000002,94.85046
897.7014000000001,94.62628000000001
898.6656,94.37984
899.6298000000002,94.10674
900.5941000000001,93.80564
901.5583000000001,93.48106000000001
902.5225,93.14388000000001
903.4868,92.80738000000001
904.4510000000001,92.48316
905.4152,92.17732000000001
906.3795,91.88984
907.3437000000001,91.61622000000001
908.3079,91.35144
909.2722000000001,91.09294
910.2364,90.84254
911.2006000000001,90.60698
912.1649000000001,90.39636
913.1291,90.22084000000001
914.0933000000001,90.08806000000001
915.0576000000001,90.00054
916.0218,89.95594
916.986,89.94822
917.9503,89.97162
918.9145000000001,90.02298
919.8787,90.10418
920.843,90.22118
921.8072000000001,90.38121999999998
922.7714000000001,90.58982
923.7357,90.84706
924.6999,91.14788
925.6641000000001,91.48372
926.6284000000002,91.84726
927.5926,92.23672
928.5568000000001,92.65706
929.5211,93.11818
930.4853000000002,93.62978000000001
931.4495,94.19578
932.4138,94.81168000000001
933.3780000000002,95.46532
934.3422,96.13980000000001
935.3065000000001,96.81694
936.2707,97.47854000000001
937.2349000000002,98.10584000000001
938.1992000000001,98.67946
939.1634,99.1808
940.1276000000001,99.59548000000001
941.0919000000001,99.91658
942.0561,100.14592000000002
943.0203,100.2908
943.9846,100.3614
944.9488000000001,100.36860000000001
945.913,100.3194
946.8773,100.24217999999999
947.8415000000001,100.17660000000001
948.8057000000001,100.08800000000001
949.77,100.00476
950.7342,99.8934
951.6984000000001,99.75388
952.6627000000001,99.58512000000002
953.6269,99.38564000000001
954.5911000000001,99.15424
955.5554000000001,98.88922000000001
956.5196000000001,98.587
957.4838,98.24304000000001
958.4481,97.85300000000001
959.4123000000001,97.41526000000002
960.3765,96.93208000000001
961.3408,96.41023999999999
962.3050000000001,95.85958000000001
963.2692,95.29154
964.2335000000002,94.71708000000001
965.1977,94.14486000000001
966.1619000000001,93.58153999999999
967.1262000000002,93.03166
968.0904,92.49998
969.0546,91.99142
970.0189,91.5116
970.9831000000001,91.06536
971.9473,90.65476
972.9116,90.27908
973.8758000000001,89.93486
974.8400000000001,89.61706
975.8043,89.31976000000002
976.7685,89.03482
977.7327000000001,88.75102
978.6970000000001,88.45434
979.6612,88.13024000000001
980.6254000000001,87.76754
981.5897000000001,87.36152000000001
982.5539000000001,86.91358
983.5181,86.43020000000001
984.4824,85.92008000000001
985.4466000000001,85.39424000000001
986.4108,84.86692
987.3751,84.35672
988.3393000000001,83.88592
989.3035,83.47666000000001
990.2678000000001,83.14546000000001
991.232,82.89914
992.1962000000001,82.73400000000001
993.1605000000001,82.63872
994.1247,82.59882
995.0889000000001,82.60068
996.0532000000001,82.63282000000001
997.0174,82.68356
997.9816,82.73908
998.9459,82.78198
999.9101000000002,82.79248
1000.8743,82.75192000000001
1001.8386,82.64562
1002.8028,82.46290000000002
1003.7670000000002,82.19500000000001
1004.7313000000001,81.83208000000002
1005.6955,81.36192
1006.6597000000002,80.77258
1007.6240000000001,80.05632
1008.5882000000001,79.21326
1009.5524,78.25262000000001
1010.5167,77.19064
1011.4809000000001,76.04654000000001
1012.4451,74.83904000000001
1013.4094,73.58356
1014.3736000000001,72.29128
1015.3378,70.96972
1016.3021000000001,69.62576000000001
1017.2663,68.26916
1018.2305000000001,66.91444
1019.1948000000001,65.57876
1020.159,64.27558
1021.1232000000001,63.008300000000006
1022.0875000000001,61.76974
1023.0517,60.550520000000006
1024.016,59.352360000000004
1024.9802,58.19804
1025.9445,57.12984
1026.9087,56.19406
1027.8729,55.42246
1028.8372,54.81898
1029.8014,54.362880000000004
1030.7656,54.02306
1031.7299,53.77642
1032.6941,53.61826
1033.6583,53.560359999999996
1034.6226,53.62098
1035.5868,53.811820000000004
1036.551,54.13082000000001
1037.5153,54.561220000000006
1038.4795,55.07620000000001
1039.4437,55.64632
1040.408,56.24636
1041.3722000000002,56.859860000000005
1042.3364,57.480720000000005
1043.3007,58.11084
1044.2649000000001,58.75674000000001
1045.2291,59.42492000000001
1046.1934,60.12082
1047.1576,60.84982000000001
1048.1218,61.619260000000004
1049.0861,62.437400000000004
1050.0503,63.309740000000005
1051.0145,64.23334
1051.9788,65.19436
1052.943,66.1717
1053.9072,67.14718
1054.8715,68.11572000000001
1055.8357,69.08976000000001
1056.7999,70.09134
1057.7642,71.13416000000001
1058.7284,72.20522
1059.6926000000003,73.25738000000001
1060.6569,74.22166
1061.6211,75.03616
1062.5853000000002,75.67768000000001
1063.5496,76.17826000000001
1064.5138,76.61324
1065.478,77.0663
1066.4423,77.58778000000001
1067.4065,78.09768
1068.3707,78.5617
1069.335,78.94188
1070.2992,79.17424
1071.2634,79.23812000000001
1072.2277,79.15692
1073.1919,78.97782000000001
1074.1561,78.74620000000002
1075.1204000000002,78.48984
1076.0846,78.21706
1077.0488,77.92566000000001
1078.0131000000001,77.61314
1078.9773,77.28098000000001
1079.9415,76.93326
1080.9058,76.5732
1081.87,76.20118
1082.8342,75.81624
1083.7985,75.41986
1084.7627,75.01971999999999
1085.7269,74.63042000000002
1086.6912,74.27038
1087.6554,73.95662
1088.6196,73.69798
1089.5839,73.49034
1090.5481,73.31796
1091.5123,73.159
1092.4766,72.99406
1093.4408000000003,72.81246000000002
1094.405,72.61318
1095.3693,72.40008
1096.3335000000002,72.17516
1097.2977,71.93478
1098.262,71.67022
1099.2262,71.37358
1100.1904,71.04276
1101.1547,70.68456
1102.1189,70.3127
1103.0831,69.94380000000001
1104.0474,69.59314
1105.0116,69.2726
1105.9758,68.9923
1106.9401,68.76384
1107.9043,68.60328
1108.8685,68.5318
1109.8328,68.57362
1110.797,68.75198
1111.7612,69.08388000000001
1112.7255,69.57821999999999
1113.6897,70.23530000000001
1114.6539000000002,71.04944
1115.6182,72.01230000000001
1116.5824,73.11467999999999
1117.5466000000001,74.3468
1118.5109,75.69704
1119.4751,77.15038000000001
1120.4393,78.68824000000001
1121.4036,80.28912
1122.3678,81.92996000000001
1123.332,83.58828
1124.2963,85.24256000000001
1125.2605,86.87306000000001
1126.2247,88.4615
1127.1890000000003,89.99086000000001
1128.1532,91.44478000000001
1129.1174,92.80802
1130.0817000000002,94.06710000000001
1131.0459,95.21144
1132.0101,96.2356
1132.9744,97.13916
1133.9386,97.92568
1134.9028,98.60048
1135.8671,99.16772
1136.8313,99.62964000000001
1137.7955,99.9876
1138.7598,100.24444000000001
1139.724,100.4058
1140.6882,100.4808
1141.6525,100.47900000000001
1142.6167,100.393
1143.5809,100.18168
1144.5452,99.9346
1145.5094,99.70750000000001
1146.4736,99.45884000000001
1147.4379,99.20834
1148.4021000000002,98.97468
1149.3663,98.77188000000001
1150.3306,98.608
1151.2948000000001,98.48670000000001
1152.259,98.40936
1153.2233,98.37538
1154.1875,98.38188000000001
1155.1517,98.42150000000001
1156.116,98.48138
1157.0802,98.54402
1158.0444,98.58964
1159.0087,98.59922000000002
1159.9729,98.55718
1160.9371,98.45334000000001
1161.9014,98.28388000000001
1162.8656,98.05084
1163.8298,97.76096000000001
1164.7941,97.42378000000001
1165.7583,97.04872
1166.7225000000003,96.64396
1167.6868,96.21486
1168.651,95.76436
1169.6152000000002,95.29286
1170.5795,94.7984
1171.5437,94.27766
1172.5079,93.72720000000001
1173.4722,93.14586
1174.4364,92.536
1175.4006,91.90390000000001
1176.3649,91.25796
1177.3291,90.60604000000001
1178.2933,89.95416
1179.2576,89.30622
1180.2218,88.66524
1181.186,88.03494
1182.1503000000002,87.41978000000002
1183.1145,86.8251
1184.0787,86.25582000000001
1185.0430000000001,85.71594
1186.0072,85.20761999999999
1186.9714,84.73142
1187.9357,84.28568000000001
1188.8999,83.8665
1189.8641,83.4687
1190.8284,83.08670000000001
1191.7926,82.71524000000001
1192.7568,82.3509
1193.7211,81.99164
1194.6853,81.63680000000001
1195.6495,81.28618
1196.6138,80.93976
1197.578,80.59712
1198.5422,80.25784
1199.5065,79.9606
1200.4707000000003,79.62308
1201.4349,79.2886
1202.3992,78.95814000000001
1203.3634000000002,78.63392000000002
1204.3276,78.32052
1205.2919,78.0248
1206.2561,77.75476
1207.2203,77.51754
1208.1846,77.31774000000001
1209.1488,77.15686
1210.113,77.03448
1211.0773,76.94994000000001
1212.0415,76.90364000000001
1213.0057,76.89736
1213.97,76.93332000000001
1214.9342,77.01316000000001
1215.8984,77.13676000000001
1216.8627,77.30228000000001
1217.8269,77.5056
1218.7911,77.74056
1219.7554,77.99954
1220.7196,78.27488
1221.6838000000002,78.55996
1222.6481,78.84934000000001
1223.6123,79.13798
1224.5765000000001,79.42052000000001
1225.5408,79.69064
1226.505,79.94176
1227.4692,80.16804
1228.4335,80.36496000000001
1229.3977,80.53028
1230.3619,80.66466
1231.3262,80.77362000000001
1232.2904,80.86818000000001
1233.2546,80.9638
1234.2189000000003,81.07584
1235.1831,81.21352
1236.1473,81.37748
1237.1116000000002,81.56214
1238.0758,81.76440000000001
1239.04,81.9902
1240.0043,82.25508
1240.9685,82.57430000000001
1241.9327,82.94976000000001
1242.897,83.36098
1243.8612,83.76936
1244.8254,84.13352
1245.7897,84.42714
1246.7539,84.64834
1247.7181,84.78508000000001
1248.6824,84.87464
1249.6466,84.95228
1250.6108,85.02268000000001
1251.5751,85.07974
1252.5393,85.11420000000001
1253.5035,85.1191
1254.4678,85.09224
1255.4320000000002,85.03522000000001
1256.3962,84.95104
1257.3605,84.84352000000001
1258.3247000000001,84.7166
1259.2889,84.57454000000001
1260.2532,84.42090000000002
1261.2174,84.25782
1262.1816,84.08628000000002
1263.1459,83.90684
1264.1101,83.72174000000001
1265.0743,83.53540000000001
1266.0386,83.3546
1267.0028,83.18769999999999
1267.967,83.04448000000001
1268.9313,82.93492
1269.8955,82.86872
1270.8597,82.85326
1271.824,82.89226
1272.7882,82.98462
1273.7524000000003,83.12580000000001
1274.7167,83.30940000000001
1275.6809,83.52924
1276.6451000000002,83.77972000000001
1277.6094,84.05556
1278.5736,84.35074
1279.5378,84.6586
1280.5021,84.97266
1281.4663,85.28766
1282.4305000000002,85.6001
1283.3948,85.90812000000001
1284.359,86.21042
1285.3232,86.50554000000001
1286.2875,86.79166000000001
1287.2517000000003,87.0669
1288.2159,87.32998
1289.1802000000002,87.58022000000001
1290.1444000000001,87.81742
1291.1086,88.04134
1292.0729000000001,88.25146000000001
1293.0371,88.4479
1294.0013,88.63152000000001
1294.9656000000002,88.80420000000001
1295.9298,88.96824000000001
1296.894,89.12519999999999
1297.8583,89.27424
1298.8225,89.41232
1299.7867,89.53432
1300.751,89.63580000000002
1301.7152,89.71220000000001
1302.6794,89.76292000000001
1303.6437,89.78904
1304.6079,89.79404
1305.5721000000003,89.78048
1306.5364,89.75028
1307.5006000000003,89.70332
1308.4648000000002,89.63836
1309.4291,89.55436
1310.3933000000002,89.4522
1311.3575,89.33434
1312.3218,89.20548
1313.2860000000003,89.07018000000001
1314.2502,88.93180000000001
1315.2145,88.792
1316.1787000000002,88.65204000000001
1317.1429,88.51396
1318.1072,88.38090000000001
1319.0714,88.25570000000002
1320.0356,88.13884000000002
1320.9999000000003,88.02772000000002
1321.9641,87.91952
1322.9283,87.81327999999999
1323.8926000000001,87.7114
1324.8568,87.61958000000001
1325.821,87.54498000000001
1326.7853,87.4954
1327.7495,87.4785
1328.7137000000002,87.50186000000001
1329.678,87.5721
1330.6422,87.69196000000001
1331.6064000000001,87.85638
1332.5707,88.05158000000002
1333.5349,88.25816
1334.4991000000002,88.45948000000001
1335.4634,88.64972000000002
1336.4276,88.83824
1337.3918,89.04836000000002
1338.3561,89.30488
1339.3203000000003,89.61186
1340.2845,89.9401
1341.2488000000003,90.24380000000001
1342.2130000000002,90.49072000000001
1343.1772,90.67424
1344.1415000000002,90.80428
1345.1057,90.89471999999999
1346.0699,90.9574
1347.0342000000003,91.00116000000001
1347.9984,91.03212
1348.9626,91.05224000000001
1349.9269000000002,91.06020000000001
1350.8911,91.05248
1351.8553,91.02620000000002
1352.8196,90.98156
1353.7838,90.92304
1354.748,90.85572000000002
1355.7123,90.78292
1356.6765,90.70364
1357.6407,90.61532
1358.605,90.51604
1359.5692,90.4088
1360.5334000000003,90.30232000000001
1361.4977,90.21228
1362.4619000000002,90.14872
1363.4261000000001,90.10324
1364.3904,90.05544
1365.3546000000001,89.99104
1366.3188,89.9096
1367.2831,89.81904
1368.2473000000002,89.72546
1369.2115,89.62979999999999
1370.1758,89.52906000000002
1371.14,89.42098
1372.1042,89.30974
1373.0685000000003,89.20954
1374.0327,89.13940000000001
1374.9969,89.10893999999999
1375.9612000000002,89.10904000000001
1376.9254,89.12216000000001
1377.8896,89.13932000000001
1378.8539,89.16308000000001
1379.8181,89.19896000000001
1380.7823000000003,89.24732000000002
1381.7466,89.30272
1382.7108,89.36128000000001
1383.6750000000002,89.42764000000001
1384.6393,89.51516
1385.6035,89.63636
1386.5677000000003,89.78364
1387.532,89.91196000000001
1388.4962,89.95672
1389.4604000000002,89.88004000000001
1390.4247,89.69412
1391.3889,89.44324
1392.3531,89.1834
1393.3174,88.97246000000001
1394.2816000000003,88.86218
1395.2458,88.87608000000002
1396.2101000000002,88.96822
1397.1743000000001,89.05538000000001
1398.1385,89.06628
1399.1028000000001,88.97565999999999
1400.067,88.79962
1401.0313,88.57086
1401.9955000000002,88.31892
1402.9597,88.0627
1403.924,87.8129
1404.8882,87.57692
1405.8524,87.35806000000001
1406.8167000000003,87.15368000000001
1407.7809,86.95728
1408.7451,86.76304
1409.7094000000002,86.56702
1410.6736,86.3652
1411.6378,86.1546
1412.6021,85.93546
1413.5663,85.71172
1414.5305000000003,85.48736000000001
1415.4948,85.25812000000002
1416.459,85.01022
1417.4232000000002,84.73322000000002
1418.3875,84.43536
1419.3517,84.13206000000001
1420.3159000000003,83.82424
1421.2802,83.51088
1422.2444,83.20736000000001
1423.2086000000002,82.938
1424.1729,82.72167999999999
1425.1371,82.56556
1426.1013,82.47046
1427.0656,82.44034
1428.0298000000003,82.48724
1428.994,82.6222
1429.9583000000002,82.83724000000001
1430.9225000000001,83.0998
1431.8867,83.37588000000001
1432.8510000000003,83.65628000000001
1433.8152,83.9557
1434.7794,84.2895
1435.7437000000002,84.64117999999999
1436.7079,84.93788
1437.6721,85.07816
1438.6364,85.0151
1439.6006,84.7858
1440.5648,84.45714000000001
1441.5291,84.07600000000001
1442.4933,83.65916
1443.4575,83.20554
1444.4218,82.70974
1445.386,82.16948000000001
1446.3502000000003,81.59088
1447.3145,80.99354000000001
1448.2787000000003,80.40944000000002
1449.2429000000002,79.87164
1450.2072,79.40116
1451.1714000000002,79.00800000000001
1452.1356,78.69646
1453.0999,78.46166
1454.0641000000003,78.2815
1455.0283,78.12478000000002
1455.9926,78.00116
1456.9568000000002,77.99096000000002
1457.921,78.09046000000001
1458.8853,78.14702
1459.8495,78.09742
1460.8137,78.01532
1461.7780000000002,78.00468
1462.7422,78.16014000000001
1463.7064,78.56328
1464.6707000000001,79.236
1465.6349,80.07366
1466.5991,80.90538000000001
1467.5634,81.64534
1468.5276,82.33124000000001
1469.4918000000002,83.05802000000001
1470.4561,83.92558
1471.4203,85.01532
1472.3845000000001,86.33221999999999
1473.3488,87.70812000000001
1474.313,88.8703
1475.2772000000002,89.6875
1476.2415,90.2178
1477.2057,90.56908
1478.1699,90.81472000000001
1479.1342,90.99192
1480.0984000000003,91.12086
1481.0626,91.21504000000002
1482.0269000000003,91.28052000000001
1482.9911000000002,91.31566000000001
1483.9553,91.3005
1484.9196000000002,91.21654
1485.8838,91.0835
1486.848,90.89566
1487.8123000000003,90.66929999999999
1488.7765,90.45764000000001
1489.7407,90.29898
1490.7050000000002,90.15784000000001
1491.6692,89.97963999999999
1492.6334,89.75318
1493.5977,89.49154
1494.5619,89.19786
1495.5261,88.86444
1496.4904,88.50088
1497.4546,88.14670000000001
1498.4188,87.82638000000001
1499.3831,87.52180000000001
1500.3473,87.22076000000001
1501.3115000000003,86.94646
1502.2758,86.72708000000002
1503.2400000000002,86.54944
1504.2042000000001,86.31654
1505.1685,85.82382
1506.1327000000003,84.87332
1507.0969,83.62842
1508.0612,82.56682
1509.0254000000002,81.7971
1509.9896,81.14558
1510.9539,80.52329999999999
1511.9181,79.93848
1512.8823,79.44618000000001
1513.8466000000003,79.13434000000001
1514.8108,79.10231999999999
1515.775,79.40812
1516.7393000000002,80.02756000000001
1517.7035,80.8986
1518.6677,82.02184000000001
1519.632,83.48586
1520.5962,85.33382
1521.5604000000003,87.38826
1522.5247,89.31046
1523.4889,90.88974
1524.4531000000002,92.18032
1525.4174,93.35384
1526.3816,94.49680000000001
1527.3458000000003,95.555
1528.3101,96.43054
1529.2743,97.09174000000002
1530.2385000000002,97.5939
1531.2028,98.03442000000001
1532.167,98.49322000000001
1533.1312,98.97456000000001
1534.0955,99.40000000000002
1535.0597000000002,99.69824000000001
1536.0239000000001,99.87752
1536.9882000000002,99.98296
1537.9524000000001,100.01552000000001
1538.9166,99.92024
1539.8809000000003,99.71132000000001
1540.8451000000002,99.60268
1541.8093,99.72522000000001
1542.7736000000002,99.91544000000002
1543.7378,100.03806
1544.702,100.14092
1545.6663000000003,100.1778
1546.6305,100.1967
1547.5947,100.1748
1548.5590000000002,100.13180000000001
1549.5232,100.0854
1550.4874,100.03660000000002
1551.4517,99.97436
1552.4159,99.89584
1553.3801000000003,99.81888000000001
1554.3444,99.77436
1555.3086000000003,99.77352000000002
1556.2728000000002,99.7838
1557.2371,99.76168000000001
1558.2013000000002,99.76036
1559.1655000000003,99.82032000000001
1560.1298,99.73972
1561.0940000000003,99.41534
1562.0582000000002,98.97338
1563.0225,98.55244
1563.9867000000002,98.2159
1564.9509,97.96542
1565.9152,97.76542
1566.8794000000003,97.56176
1567.8436,97.30554000000001
1568.8079000000002,96.98288000000002
1569.7721000000001,96.62272000000002
1570.7363,96.26938
1571.7006000000001,95.9517
1572.6648,95.66664
1573.629,95.36792
1574.5933000000002,94.97784
1575.5575,94.45164
1576.5217000000002,93.85006
1577.486,93.28080000000001
1578.4502,92.77636000000001
1579.4144000000001,92.30766
1580.3787,91.84422
1581.3429,91.36714
1582.3071000000002,90.86970000000001
1583.2714,90.36068
1584.2356,89.85874000000001
1585.1998000000003,89.37774000000002
1586.1641,88.91976000000001
1587.1283000000003,88.48266
1588.0925000000002,88.06819999999999
1589.0568000000003,87.68304
1590.0210000000002,87.33120000000001
1590.9852,87.0103
1591.9495000000002,86.71368000000001
1592.9137000000003,86.43732000000001
1593.8779,86.18268
1594.8422000000003,85.95252
1595.8064000000002,85.7452
1596.7706,85.55348000000001
1597.7349000000002,85.36988000000001
1598.6991,85.19212
1599.6633,85.02516000000001
1600.6276000000003,84.87892000000001
1601.5918,84.76388
1602.556,84.68504
1603.5203000000001,84.63786
1604.4845,84.61088
1605.4487,84.59382
1606.413,84.58686
1607.3772,84.60486
1608.3414000000002,84.66964000000002
1609.3057,84.79187999999999
1610.2699000000002,84.95918
1611.2341000000001,85.15114
1612.1984,85.36470000000001
1613.1626000000003,85.62622000000002
1614.1268000000002,85.98988
1615.0911,86.52441999999999
1616.0553000000002,87.24886000000001
1617.0195,88.03678
1617.9838,88.6859
1618.9480000000003,89.12386000000001
1619.9122,89.43694
1620.8765000000003,89.74846000000001
1621.8407000000002,90.13364
1622.8049,90.59370000000001
1623.7692000000002,91.06448000000002
1624.7334,91.46938
1625.6976,91.78224
1626.6619000000003,92.03175999999999
1627.6261,92.25258000000001
1628.5903000000003,92.45060000000001
1629.5546000000002,92.61402000000001
1630.5188,92.74401999999999
1631.4830000000002,92.86010000000002
1632.4473,92.97436
1633.4115,93.06912
1634.3757000000003,93.11684
1635.34,93.12328000000001
1636.3042,93.14126000000002
1637.2684000000002,93.15866000000001
1638.2327,93.1164
1639.1969,93.01938
1640.1611000000003,92.91080000000001
1641.1254,92.82588
1642.0896000000002,92.77668
1643.0538000000001,92.74566
1644.0181000000002,92.6833
1644.9823000000001,92.53172
1645.9465,92.29406
1646.9108000000003,92.06378000000001
1647.8750000000002,91.92818
1648.8392,91.90588000000001
1649.8035000000002,91.9828
1650.7677,92.11198
1651.7319,92.19894000000001
1652.6962000000003,92.17406000000001
1653.6604,92.06326000000001
1654.6246,91.85112000000001
1655.5889000000002,91.51182
1656.5531,91.13298
1657.5173,90.81530000000001
1658.4816,90.59540000000001
1659.4458,90.45074000000001
1660.4100000000003,90.33342000000002
1661.3743,90.20844
1662.3385000000003,90.07202000000001
1663.3027000000002,89.93312
1664.267,89.79638000000001
1665.2312000000002,89.66444
1666.1954000000003,89.53334000000001
1667.1597,89.38522
1668.1239000000003,89.20278
1669.0881000000002,89.00286
1670.0524,88.8349
1671.0166000000002,88.72706000000001
1671.9808,88.66694
1672.9451,88.63212
1673.9093000000003,88.5991
1674.8735,88.53330000000001
1675.8378000000002,88.39518000000001
1676.8020000000001,88.16906
1677.7662,87.88682
1678.7305000000001,87.613
1679.6947,87.40278
1680.6589,87.26660000000001
1681.6232000000002,87.16105999999999
1682.5874,87.0214
1683.5516000000002,86.82838000000001
1684.5159,86.60398
1685.4801,86.33056
1686.4443000000003,85.98634000000001
1687.4086,85.59928
1688.3728,85.2158
1689.3370000000002,84.8702
1690.3013,84.57858
1691.2655,84.33714
1692.2297000000003,84.11892
1693.194,83.87598
1694.1582000000003,83.55542
1695.1224000000002,83.1339
1696.0867000000003,82.65404000000001
1697.0509000000002,82.22032
1698.0151,81.92088000000001
1698.9794000000002,81.7333
1699.9436000000003,81.53880000000001
1700.9078,81.24398000000001
1701.8721000000003,80.85774
1702.8363000000002,80.45644
1703.8005,80.11608000000001
1704.7648000000002,79.87826
1705.729,79.7455
1706.6932,79.68932000000001
1707.6575000000003,79.6675
1708.6217,79.65014000000001
1709.5859,79.63252
1710.5502000000001,79.62612
1711.5144,79.64142000000001
1712.4786,79.68003999999999
1713.4429,79.74062
1714.4071,79.8409
1715.3713000000002,80.04878
1716.3356,80.46068
1717.2998000000002,81.05206
1718.2640000000001,81.61088000000001
1719.2283,81.97282
1720.1925000000003,82.16790000000002
1721.1567000000002,82.31394
1722.121,82.50314
1723.0852000000002,82.76798000000001
1724.0494,83.09048
1725.0137,83.42768000000001
1725.9779000000003,83.74130000000001
1726.9421,84.01726
1727.9064000000003,84.2654
1728.8706000000002,84.50816
1729.8348,84.7716
1730.7991000000002,85.08548
1731.7633,85.48872
1732.7275,86.01064000000001
1733.6918000000003,86.59766000000002
1734.656,87.09456
1735.6202000000003,87.39694
1736.5845000000002,87.55448
1737.5487,87.68942000000001
1738.5129000000002,87.89474000000001
1739.4772,88.197
1740.4414,88.56122
1741.4056000000003,88.92194
1742.3699,89.22972
1743.3341,89.48038
1744.2983000000002,89.70154
1745.2626,89.92386
1746.2268,90.16854000000001
1747.1910000000003,90.45739999999999
1748.1553,90.82316
1749.1195000000002,91.28646
1750.0837000000001,91.80178000000001
1751.0480000000002,92.2609
1752.0122000000001,92.58512
1752.9764,92.78334
1753.9407000000003,92.91852
1754.9049000000002,93.05186
1755.8691,93.21324
1756.8334000000002,93.40084
1757.7976,93.5978
1758.7618,93.7935
1759.7261000000003,93.9932
1760.6903,94.20812000000001
1761.6545,94.43652
1762.6188000000002,94.65744000000001
1763.583,94.84804
1764.5472,95.00446000000001
1765.5115,95.142
1766.4757,95.2773
1767.4399000000003,95.41426
1768.4042,95.54491999999999
1769.3684000000003,95.66503999999999
1770.3326000000002,95.79496000000002
1771.2969,95.98012
1772.2611000000002,96.24518
1773.2253000000003,96.54604
1774.1896,96.80702000000001
1775.1538000000003,96.99942000000001
1776.1180000000002,97.15220000000001
1777.0823,97.30972
1778.0465000000002,97.49732
1779.0107,97.71376000000001
1779.975,97.94082
1780.9392000000003,98.15874000000001
1781.9034,98.35794000000001
1782.8677000000002,98.53766
1783.8319000000001,98.69558
1784.7961,98.8229
1785.7604000000001,98.91152000000001
1786.7246,98.96568
1787.6888,99.00310000000002
1788.6531000000002,99.04174000000002
1789.6173,99.08758
1790.5815000000002,99.138
1791.5458,99.19478000000001
1792.51,99.25846000000001
1793.4742000000003,99.31138000000001
1794.4385,99.33486
1795.4027,99.33818000000001
1796.3669000000002,99.34828000000002
1797.3312,99.38338000000002
1798.2954,99.45168000000001
1799.2596000000003,99.53932
1800.2239,99.63004
1801.1881000000003,99.71446
1802.1523000000002,99.78486000000001
1803.1166000000003,99.8373
1804.0808000000002,99.87362
1805.045,99.89842
1806.0093000000002,99.9152
1806.9735000000003,99.92546
1807.9377,99.93148000000001
1808.9020000000003,99.94006
1809.8662000000002,99.96132
1810.8304,100.00074000000001
1811.7947000000001,100.0537
1812.7589,100.10948000000002
1813.7231,100.15863999999999
1814.6874000000003,100.19794
1815.6516,100.2292
1816.6158,100.251
1817.5801000000001,100.2642
1818.5443,100.26880000000001
1819.5085,100.269
1820.4728,100.2702
1821.437,100.27620000000002
1822.4012000000002,100.286
1823.3655,100.30160000000001
1824.3297000000002,100.31420000000001
1825.2939000000001,100.31160000000001
1826.2582,100.29340000000002
1827.2224000000003,100.27040000000001
1828.1866000000002,100.25880000000001
1829.1509,100.2776
1830.1151000000002,100.3262
1831.0793,100.38140000000001
1832.0436,100.4156
1833.0078000000003,100.42
1833.972,100.40840000000001
1834.9363000000003,100.39580000000001
1835.9005000000002,100.38820000000001
1836.8647,100.3878
1837.8290000000002,100.39280000000001
1838.7932,100.40480000000001
1839.7574,100.43020000000001
1840.7217000000003,100.47060000000002
1841.6859,100.51520000000001
1842.6501000000003,100.54700000000001
1843.6144000000002,100.55940000000001
1844.5786,100.5558
1845.5428000000002,100.5428
1846.5071,100.524
1847.4713,100.50800000000001
1848.4355000000003,100.5082
1849.3998,100.52640000000001
1850.364,100.5548
1851.3282000000002,100.58080000000001
1852.2925,100.59620000000001
1853.2567,100.60000000000001
1854.2209000000003,100.59700000000001
1855.1852,100.5918
1856.1494000000002,100.5862
1857.1136000000001,100.581
1858.0779000000002,100.57760000000002
1859.0421000000001,100.5768
1860.0063,100.5782
1860.9706000000003,100.5782
1861.9348000000002,100.569
1862.899,100.5452
1863.8633000000002,100.507
1864.8275,100.4588
1865.7917,100.40920000000001
1866.7560000000003,100.3724
1867.7202,100.37400000000001
1868.6844,100.42760000000001
1869.6487000000002,100.5116
1870.6129,100.584
1871.5771,100.62120000000002
1872.5414,100.629
1873.5056,100.6254
1874.4698000000003,100.6216
1875.4341,100.62020000000001
1876.3983000000003,100.62
1877.3625000000002,100.62
1878.3268,100.61940000000001
1879.2910000000002,100.61900000000001
1880.2552000000003,100.6174
1881.2195,100.61280000000002
1882.1837000000003,100.6044
1883.1479000000002,100.59020000000001
1884.1122,100.5746
1885.0764000000001,100.5604
1886.0406,100.5506
1887.0049,100.5468
1887.9691000000003,100.548
1888.9333,100.551
1889.8976000000002,100.55280000000002
1890.8618000000001,100.54740000000001
1891.826,100.5334
1892.7903000000001,100.51480000000002
1893.7545,100.50120000000001
1894.7188000000003,100.49860000000001
1895.6830000000002,100.5086
1896.6472,100.5274
1897.6115000000002,100.54520000000001
1898.5757,100.55640000000001
1899.5399,100.557
1900.5042000000003,100.55040000000001
1901.4684,100.53980000000001
1902.4326,100.52760000000002
1903.3969000000002,100.5136
1904.3611,100.49620000000002
1905.3253,100.4718
1906.2896,100.44380000000001
1907.2538,100.4166
1908.2180000000003,100.39840000000001
1909.1823,100.39580000000001
1910.1465000000003,100.40620000000001
1911.1107000000002,100.42240000000001
1912.075,100.43500000000002
1913.0392000000002,100.4436
1914.0034000000003,100.4496
1914.9677,100.45600000000002
1915.9319000000003,100.4604
1916.8961000000002,100.46000000000001
1917.8604,100.4474
1918.8246000000001,100.41920000000002
1919.7888,100.3774
1920.7531,100.3332
1921.7173000000003,100.30220000000001
1922.6815,100.29480000000001
1923.6458000000002,100.30980000000001
1924.6100000000001,100.3358
1925.5742,100.35840000000002
1926.5385000000003,100.37039999999999
1927.5027,100.37140000000001
1928.4669,100.36500000000001
1929.4312000000002,100.3568
1930.3954,100.34880000000001
1931.3596000000002,100.3426
1932.3239,100.3378
1933.2881,100.3358
1934.2523000000003,100.3344
1935.2166,100.3338
1936.1808,100.32920000000001
1937.1450000000002,100.3182
1938.1093,100.30080000000001
1939.0735,100.27780000000001
1940.0377000000003,100.25240000000001
1941.002,100.2296
1941.9662000000003,100.2142
1942.9304000000002,100.2104
1943.8947000000003,100.21520000000001
1944.8589000000002,100.22540000000001
1945.8231,100.23819999999999
1946.7874000000002,100.25200000000001
1947.7516000000003,100.2664
1948.7158,100.27980000000001
1949.6801000000003,100.28820000000002
1950.6443000000002,100.28900000000002
1951.6085,100.2848
1952.5728000000001,100.2786
1953.537,100.27420000000001
1954.5012,100.27400000000002
1955.4655000000002,100.2778
1956.4297,100.28240000000001
1957.3939,100.287
1958.3582000000001,100.29080000000002
1959.3224,100.2938
1960.2866,100.2944
1961.2509,100.29260000000001
1962.2151,100.28580000000001
1963.1793000000002,100.2732
1964.1436,100.2568
1965.1078000000002,100.24260000000001
1966.0720000000001,100.238
1967.0363,100.247
1968.0005000000003,100.26820000000001
1968.9647000000002,100.29320000000001
1969.929,100.3144
1970.8932000000002,100.3268
1971.8574,100.3306
1972.8217,100.3304
1973.7859000000003,100.32900000000001
1974.7501,100.32860000000001
1975.7144000000003,100.3298
1976.6786000000002,100.331
1977.6428,100.3306
1978.6071000000002,100.32940000000002
1979.5713,100.3264
1980.5355,100.32340000000002
1981.4998000000003,100.3204
1982.464,100.31760000000001
1983.4282000000003,100.31320000000001
1984.3925000000002,100.3074
1985.3567,100.29840000000002
1986.3209000000002,100.28640000000001
1987.2852,100.2724
1988.2494,100.25680000000001
1989.2136000000003,100.243
1990.1779,100.2352
1991.1421,100.23620000000001
1992.1063000000001,100.24560000000001
1993.0706,100.25980000000001
1994.0348,100.2728
1994.9990000000003,100.2798
1995.9633,100.28059999999999
1996.9275000000002,100.2774
1997.8917000000001,100.27340000000001
1998.8560000000002,100.27060000000002
1999.8202000000003,100.27000000000001
2000.7844,100.27120000000002
2001.7487000000003,100.27260000000001
2002.7129000000002,100.2714
2003.6771,100.26540000000001
2004.6414000000002,100.2556
2005.6056,100.2424
2006.5698,100.2294
2007.5341000000003,100.2184
2008.4983,100.21180000000001
2009.4625,100.2098
2010.4268000000002,100.21000000000001
2011.391,100.2074
2012.3552,100.1994
2013.3195,100.185
2014.2837,100.16540000000002
2015.2479000000003,100.1438
2016.2122,100.12780000000001
2017.1764000000003,100.1204
2018.1406000000002,100.12180000000001
2019.1049,100.1284
2020.0691000000002,100.13460000000002
2021.0333000000003,100.13900000000001
2021.9976,100.1384
2022.9618000000003,100.1354
2023.9260000000002,100.13080000000001
2024.8903,100.1262
2025.8545000000001,100.12160000000002
2026.8187,100.11820000000002
2027.783,100.11340000000001
2028.7472000000002,100.1072
2029.7114,100.10020000000002
2030.6757000000002,100.0926
2031.6399000000001,100.08460000000002
2032.6041,100.0768
2033.5684000000003,100.07040000000002
2034.5326,100.064
2035.4968,100.05720000000002
2036.4611000000002,100.049
2037.4253,100.03820000000002
2038.3895000000002,100.025
2039.3538,100.01140000000001
2040.318,99.99872
2041.2822000000003,99.99024
2042.2465,99.98602000000001
2043.2107,99.98468000000001
2044.1749000000002,99.98374000000001
2045.1392,99.98138
2046.1034,99.9766
2047.0676000000003,99.96982000000001
2048.032,99.96172000000001
2048.9961,99.95362
2049.9604,99.94644000000001
2050.9246,99.94042
2051.8889,99.93562000000001
2052.853,99.93102
2053.8174,99.92554000000001
2054.7815,99.91852
2055.7458,99.9103
2056.71,99.90190000000001
2057.6743,99.89422
2058.6384,99.88718
2059.6028,99.87948000000002
2060.5669,99.8695
2061.5313000000006,99.85702
2062.4954,99.84390000000002
2063.4597,99.83418
2064.4238,99.83126
2065.3882,99.83638000000002
2066.3523,99.84722000000001
2067.3167000000003,99.8594
2068.2808,99.86884
2069.2451,99.87316000000001
2070.2092,99.873
2071.1736,99.87008
2072.1377,99.86672000000002
2073.1021,99.86418
2074.0662,99.86244
2075.0305,99.8609
2075.9946,99.85856
2076.959,99.85514
2077.9231,99.85096
2078.8875,99.84703999999999
2079.8516,99.84456
2080.8159,99.84404
2081.78,99.84522000000001
2082.7444000000005,99.84686
2083.7085,99.84774
2084.6729,99.84742
2085.6370000000006,99.84614
2086.6013,99.84450000000001
2087.5654,99.84308
2088.5298000000003,99.8417
2089.4939,99.83984
2090.4583,99.83735999999999
2091.4224000000004,99.8347
2092.3867,99.83288000000002
2093.3508,99.83272
2094.3152,99.83448000000001
2095.2793,99.83728
2096.2437,99.84
2097.2078,99.84160000000001
2098.1721,99.84124
2099.1362,99.83894000000001
2100.1006,99.83432
2101.0647,99.82970000000002
2102.0291,99.82512000000001
2102.9932,99.82124
2103.9575000000004,99.81838
2104.9216,99.81632
2105.886,99.81422
2106.8501000000006,99.81140000000002
2107.8145,99.80732
2108.7786,99.80224000000001
2109.7429,99.79668000000001
2110.707,99.79124
2111.6714,99.78646
2112.6355000000003,99.78276000000001
2113.5999,99.7805
2114.564,99.78016
2115.5283,99.78160000000003
2116.4924,99.78424000000001
2117.4568,99.78708
2118.4209,99.78862000000001
2119.3853,99.7879
2120.3494,99.78438
2121.3137,99.77848
2122.2778,99.77114000000002
2123.2422,99.76364000000001
2124.2063,99.75720000000001
2125.1707,99.75278
2126.1348,99.75122
2127.0991,99.75274
2128.0632000000005,99.75694
2129.0276,99.76248000000001
2129.9917,99.7673
2130.9561,99.76898
2131.9202,99.76616
2132.8845,99.75860000000002
2133.8486000000003,99.74799999999999
2134.813,99.73750000000001
2135.7771,99.73038000000001
2136.7415,99.72898
2137.7056,99.73346000000001
2138.6699,99.74180000000001
2139.634,99.75108
2140.5984,99.75866
2141.5625,99.76328000000001
2142.5269,99.7655
2143.491,99.7666
2144.4553,99.76814000000002
2145.4194,99.77074000000002
2146.3838,99.77418
2147.3479,99.77780000000001
2148.3123,99.78072
2149.2764,99.78196000000001
2150.2407,99.781
2151.2048,99.77772000000002
2152.1692,99.77264000000001
2153.1333,99.76742000000002
2154.0977,99.7639
2155.0618,99.76352
2156.0261,99.76688000000001
2156.9902,99.77284
2157.9546,99.77980000000001
2158.9187,99.78616000000001
2159.8831,99.79146
2160.8472,99.79616000000001
2161.8115,99.80072000000001
2162.7756,99.80528000000001
2163.74,99.80918000000001
2164.7041,99.81118000000001
2165.6685000000007,99.81074000000001
2166.6326,99.80802000000001
2167.5969,99.80426000000001
2168.561,99.80098
2169.5254,99.79966
2170.4895,99.801
2171.4539000000004,99.80466
2172.418,99.80984000000001
2173.3823,99.8152
2174.3464,99.81948000000001
2175.3108,99.822
2176.2749,99.82268
2177.2393,99.82196
2178.2034,99.82044000000002
2179.1677,99.81812000000002
2180.1318,99.81482
2181.0962,99.81000000000002
2182.0603,99.804
2183.0247,99.79796
2183.9888,99.79372000000001
2184.9531,99.7932
2185.9172,99.79724000000002
2186.8816000000006,99.80492000000001
2187.8457,99.81416000000002
2188.8101,99.82222
2189.7742,99.82718
2190.7385,99.82812000000001
2191.7026,99.82560000000001
2192.6670000000004,99.82090000000002
2193.6311,99.81568000000001
2194.5955,99.81114000000001
2195.5596000000005,99.80784
2196.5239,99.80556000000001
2197.488,99.80377999999999
2198.4524,99.80164
2199.4165,99.79876000000002
2200.3809,99.79542000000001
2201.3450000000003,99.79226
2202.3093,99.7898
2203.2734,99.78840000000001
2204.2378,99.78760000000001
2205.2019,99.78686000000002
2206.1663,99.78548
2207.1304,99.78356000000001
2208.0947000000006,99.78110000000001
2209.0588,99.77852000000001
2210.0232,99.7757
2210.9873,99.77226
2211.9517,99.76802
2212.9158,99.76324000000001
2213.8801000000003,99.75866
2214.8442,99.75525999999999
2215.8086,99.7532
2216.7727000000004,99.75172
2217.7371,99.74936
2218.7012,99.74474000000001
2219.6655,99.73750000000001
2220.6296,99.72862
2221.594,99.72002
2222.5581,99.71332000000001
2223.5225,99.70920000000001
2224.4866,99.70708
2225.4509,99.70494000000001
2226.415,99.70074000000001
2227.3794,99.69350000000001
2228.3435,99.68310000000001
2229.3079,99.67036
2230.272,99.65704000000002
2231.2363,99.64494
2232.2004000000006,99.63566
2233.1648,99.62989999999999
2234.1289,99.62746
2235.0933,99.62712000000002
2236.0574,99.62696000000001
2237.0217,99.62490000000001
2237.9858000000004,99.61948000000001
2238.9502,99.61052
2239.9143,99.59892
2240.8787,99.58624
2241.8428,99.57350000000001
2242.8071,99.56118000000001
2243.7712,99.54910000000001
2244.7356,99.53712000000002
2245.6997,99.52556
2246.6641,99.51532
2247.6282,99.50696
2248.5925,99.50014000000002
2249.5566,99.49378
2250.521,99.48570000000001
2251.4851,99.47458
2252.4495,99.46006
2253.4136,99.44292000000002
2254.3779,99.42488
2255.342,99.40742
2256.3064,99.39140000000002
2257.2705,99.37708
2258.2349,99.36422000000002
2259.199,99.35246000000001
2260.1633,99.3412
2261.1274,99.32992
2262.0918,99.31830000000001
2263.0559,99.30646000000002
2264.0203,99.29528
2264.9844,99.28584000000001
2265.9487,99.27860000000001
2266.9128,99.27298
2267.8772,99.26732
2268.8413,99.25966000000001
2269.8057,99.24934
2270.7698,99.23718000000001
2271.7341,99.22554000000001
2272.6982,99.21662
2273.6626,99.21186000000002
2274.6267,99.21078000000001
2275.5911000000006,99.21238000000001
2276.5552,99.21560000000001
2277.5195,99.22004000000001
2278.4836,99.2258
2279.448,99.23254
2280.4121,99.23876000000001
2281.3765000000003,99.2423
2282.3406,99.24032000000001
2283.3049,99.23052
2284.269,99.212
2285.2334,99.18560000000001
2286.1975,99.15354000000002
2287.1619,99.11864000000001
2288.126,99.08334
2289.0903,99.04860000000001
2290.0544,99.01434
2291.0188,98.98046
2291.9829,98.94800000000001
2292.9473,98.91940000000001
2293.9114,98.89772
2294.8757,98.88470000000001
2295.8398,98.8801
2296.8042000000005,98.8822
2297.7683,98.88910000000001
2298.7327,98.90118
2299.6968000000006,98.92102000000001
2300.6611,98.95134
2301.6252,98.99286000000001
2302.5896000000002,99.04168000000001
2303.5537,99.08966000000001
2304.5181,99.12758000000002
2305.4822000000004,99.14938000000001
2306.4465,99.15635999999999
2307.4106,99.15798000000001
2308.375,99.16836
2309.3391,99.19996
2310.3035,99.25686000000002
2311.2676,99.33234
2312.2319000000007,99.41234000000001
2313.196,99.48320000000001
2314.1604,99.53930000000001
2315.1245,99.58588
2316.0889,99.63478
2317.053,99.69702000000001
2318.0173000000004,99.77508
2318.9814,99.85794000000001
2319.9458,99.92080000000001
2320.9099000000006,99.93184000000001
2321.8743,99.86506
2322.8384,99.71606000000001
2323.8027,99.51058
2324.7668,99.29814
2325.7312,99.13362000000001
2326.6953000000003,99.055
2327.6597,99.06724000000001
2328.6238,99.13884
2329.5881,99.21334
2330.5522,99.2338
2331.5166,99.17064
2332.4807,99.03454
2333.4451,98.86664000000002
2334.4092,98.71334
2335.3735,98.60314000000001
2336.3376,98.53628
2337.302,98.48958
2338.2661,98.43142
2339.2305,98.34170000000002
2340.1946,98.23074000000001
2341.1589,98.15082
2342.1230000000005,98.18614000000001
2343.0874,98.39926000000001
2344.0515,98.70848
2345.0159,98.9187
2345.98,98.90578000000001
2346.9443,98.72086000000002
2347.9084000000003,98.5147
2348.8728,98.41586000000001
2349.8369,98.46624000000001
2350.8013,98.61404
2351.7654,98.74588
2352.7297,98.75578000000002
2353.6938,98.62194000000001
2354.6582,98.41256000000001
2355.6223,98.19914000000001
2356.5867,97.99428
2357.5508,97.78822000000001
2358.5151,97.60546000000001
2359.4792,97.49552
2360.4436,97.48298
2361.4077,97.55188000000001
2362.3721,97.67986
2363.3362,97.86496000000001
2364.3005,98.11494000000002
2365.2646,98.42102
2366.229,98.75276000000002
2367.1931,99.07536
2368.1575,99.36634000000001
2369.1216,99.61856
2370.0859,99.83262000000002
2371.05,100.0095
2372.0144,100.14594
2372.9785,100.23434000000002
2373.9429,100.26970000000001
2374.907,100.24458000000001
2375.8713,100.16016
2376.8354,100.02460000000002
2377.7998,99.85572
2378.7639,99.67456000000001
2379.7283000000007,99.50114
2380.6924,99.35112000000001
2381.6567,99.23432000000003
2382.6208,99.1538
2383.5852,99.10702
2384.5493,99.08736
2385.5137000000004,99.08600000000001
2386.4778,99.09430000000002
2387.4421,99.10516
2388.4063000000006,99.1143
2389.3706,99.12016
2390.3347,99.12286
2391.2991,99.12406000000001
2392.2632,99.12538
2393.2275,99.12814
2394.1917000000003,99.13324
2395.156,99.14102000000001
2396.1201,99.15114
2397.0845,99.16310000000001
2398.0486,99.17552
2399.0129,99.18674
2399.9771,99.19504
2400.9414000000006,99.19908000000001
2401.9055,99.19874
2402.8699,99.19540000000002
2403.834,99.19202000000001
2404.7983,99.19154
2405.7625,99.1957
2406.7268000000004,99.20372
2407.6909,99.21286000000002
2408.6553,99.21988
2409.6194000000005,99.22294000000001
2410.5837,99.22240000000001
2411.5479,99.22046
2412.5122,99.2196
2413.4763,99.22072000000001
2414.4407,99.22304000000001
2415.4048000000003,99.22522000000001
2416.3691,99.22670000000001
2417.3333,99.22812000000002
2418.2976,99.23112
2419.2617,99.23632
2420.2261,99.24266000000001
2421.1902,99.24804
2422.1545000000006,99.25026000000001
2423.1187,99.24938000000002
2424.083,99.24712000000001
2425.0471,99.24666
2426.0115,99.25008000000001
2426.9756,99.25742000000002
2427.9399000000003,99.26664000000002
2428.9041,99.27530000000002
2429.8684,99.28162
2430.8325000000004,99.28526
2431.7969,99.28718
2432.761,99.28844000000001
2433.7253,99.28986
2434.6895,99.29184000000001
2435.6538,99.29434
2436.6179,99.29774
2437.5823,99.30196
2438.5464,99.30686000000001
2439.5107,99.31182000000001
2440.4749,99.31592
2441.4392,99.31868
2442.4033,99.32003999999999
2443.3677,99.32052000000002
2444.3318,99.3211
2445.2961,99.32250000000002
2446.2603,99.32504
2447.2246,99.32834
2448.1887,99.3314
2449.1531,99.33348000000001
2450.1172,99.33382
2451.0815,99.33258000000001
2452.0457,99.33046
2453.01,99.32838000000001
2453.9741,99.3271
2454.9385,99.32648
2455.9026,99.32606000000001
2456.8669,99.32508000000001
2457.8311,99.32348000000002
2458.7954,99.32154000000001
2459.7595,99.32034
2460.7239,99.32050000000001
2461.688,99.32224000000001
2462.6523,99.32498
2463.6165,99.32792
2464.5808,99.3302
2465.5449,99.33114
2466.5093,99.33032000000001
2467.4734,99.3276
2468.4377,99.32314000000001
2469.4019,99.31782
2470.3662,99.31306000000001
2471.3303,99.31032000000002
2472.2947,99.31102000000001
2473.2588,99.31540000000001
2474.2231,99.32262000000001
2475.1873,99.33056
2476.1516,99.33722
2477.1157,99.34100000000001
2478.0801,99.34140000000002
2479.0442,99.3392
2480.0085,99.33584
2480.9727,99.33258000000001
2481.937,99.33037999999999
2482.9011,99.32958
2483.8655,99.33008000000001
2484.8296,99.33164000000001
2485.7939,99.33364
2486.7581,99.33576000000001
2487.7224,99.33738000000001
2488.6865,99.33828
2489.6509000000005,99.3381
2490.615,99.33680000000001
2491.5793,99.3347
2492.5435000000007,99.33232000000001
2493.5078,99.33042
2494.4719,99.33016
2495.4363000000003,99.33215999999999
2496.4004,99.3369
2497.3647,99.3435
2498.3289000000004,99.35066
2499.2932,99.35640000000001
2500.2573,99.35968000000001
2501.2217,99.36064
2502.1858,99.36044
2503.1501,99.36100000000002
2504.1143,99.36348000000001
2505.0786,99.36774000000001
2506.0427,99.37230000000001
2507.0071,99.37554
2507.9712,99.37594000000001
2508.9355,99.37342000000001
2509.8997,99.36888
2510.8640000000005,99.36376000000001
2511.8281,99.36004000000001
2512.7925,99.35940000000002
2513.7566000000006,99.36314
2514.7209,99.37154
2515.6851,99.38368000000001
2516.6494000000002,99.39724000000001
2517.6135,99.40922000000002
2518.5779,99.4171
2519.5420000000004,99.41986
2520.5063,99.41864000000001
2521.4705,99.41568000000001
2522.4348,99.41336000000001
2523.3989,99.41274000000001
2524.3633,99.414
2525.3274,99.41648
2526.2917000000007,99.41956
2527.2559,99.42331999999999
2528.2202,99.42758000000002
2529.1843,99.4317
2530.1487,99.43444000000001
2531.1128,99.43458000000001
2532.0771000000004,99.43192
2533.0413,99.42798
2534.0056,99.42516
2534.9697000000006,99.42568000000001
2535.9341,99.43030000000002
2536.8982,99.43804
2537.8625,99.44688000000001
2538.8267,99.45500000000001
2539.791,99.4616
2540.7551000000003,99.46694
2541.7195,99.47178000000001
2542.6836,99.477
2543.6479,99.48276000000001
2544.6121,99.48872
2545.5764,99.49410000000002
2546.5405,99.49818
2547.5049,99.50052000000002
2548.469,99.50124000000001
2549.4333,99.50072
2550.3975,99.49986000000001
2551.3618,99.49942000000001
2552.3259,99.49982000000001
2553.2903,99.5013
2554.2544,99.50408000000002
2555.2188,99.50868000000001
2556.1829,99.51562000000001
2557.1472,99.52528000000001
2558.1113,99.53706000000001
2559.0757,99.54966
2560.0398,99.56084000000001
2561.0042,99.56838
2561.9683000000005,99.57104
2562.9326,99.5691
2563.8967,99.56456
2564.8611,99.56048000000001
2565.8252,99.55968000000001
2566.7896,99.56382
2567.7537,99.5721
2568.718,99.5819
2569.6821,99.58994000000001
2570.6465,99.59376
2571.6106,99.59284
2572.575,99.5887
2573.5391,99.58380000000001
2574.5034000000005,99.58026
2575.4675,99.57936000000001
2576.4319,99.58112000000001
2577.3960000000006,99.58506000000001
2578.3604000000005,99.59076
2579.3245,99.5978
2580.2888000000003,99.60554
2581.2529,99.61334
2582.2173,99.62008000000002
2583.1814000000004,99.62484
2584.1458000000002,99.62704
2585.1099,99.62640000000002
2586.0742,99.62330000000001
2587.0383,99.61866
2588.0027,99.61334
2588.9668,99.6085
2589.9312000000004,99.6049
2590.8953,99.60288
2591.8596,99.60238
2592.8237,99.60296
2593.7881000000007,99.60408
2594.7522,99.60538
2595.7166,99.60644000000002
2596.6807,99.60718
2597.645,99.60764
2598.6091000000006,99.60848000000001
2599.5735000000004,99.6101
2600.5376,99.61278000000001
2601.502,99.61626000000001
2602.4661000000006,99.61956
2603.4304,99.62140000000001
2604.3945000000003,99.6215
2605.3589000000006,99.62046000000001
2606.323,99.61966000000001
2607.2874,99.62058000000002
2608.2515000000003,99.6234
2609.2158,99.62728000000001
2610.1799,99.63088
2611.1443000000004,99.63312
2612.1084,99.63404
2613.0728,99.63466000000001
2614.0369000000005,99.63582000000002
2615.0012000000006,99.63792000000001
2615.9653,99.64038000000001
2616.9297,99.64240000000001
2617.8938,99.64310000000002
2618.8582,99.64250000000001
2619.8223000000003,99.64106000000001
2620.7866000000004,99.63952
2621.7507,99.63874000000001
2622.7151,99.63920000000002
2623.6792000000005,99.64102000000001
2624.6436,99.64370000000002
2625.6077,99.64586
2626.5720000000006,99.64614
2627.5361,99.64356000000001
2628.5005,99.63856000000001
2629.4646000000002,99.63278
2630.429,99.62878
2631.3931,99.62872000000002
2632.3574000000003,99.63324
2633.3215,99.64106
2634.2859,99.65012
2635.2500000000005,99.6581
2636.2144,99.66368000000001
2637.1785,99.66705999999999
2638.1428,99.66928000000001
2639.1069000000007,99.67184
2640.0713,99.67578
2641.0354,99.68158
2641.9998000000005,99.68846
2642.9639,99.69506
2643.9282,99.7
2644.8923000000004,99.70232000000001
2645.8567,99.70220000000002
2646.8208,99.70092
2647.7852000000003,99.69992000000002
2648.7493,99.70048000000001
2649.7136,99.70258000000001
2650.6777000000006,99.7058
2651.6421,99.70918
2652.6062,99.71270000000001
2653.5706,99.71704000000001
2654.5347,99.7232
2655.499,99.73190000000001
2656.4631000000004,99.74244
2657.4275,99.75338
2658.3916,99.76258000000001
2659.356,99.76904000000002
2660.3201,99.7733
2661.2844,99.77752
2662.2485,99.78458
2663.2129000000004,99.79646000000002
2664.177,99.81332
2665.1414,99.83308000000002
2666.1055000000006,99.85252
2667.0698,99.86832000000001
2668.0339,99.87936000000002
2668.9983,99.88458
2669.9624,99.88816000000001
2670.9268,99.89282
2671.8909000000003,99.90102000000002
2672.8552,99.91424
2673.8193,99.93128000000002
2674.7837,99.94946
2675.7478,99.96694000000001
2676.7122,99.97976
2677.6763,99.98566000000001
2678.6406000000006,99.98564
2679.6047,99.98152000000002
2680.5691,99.97512
2681.5332,99.9706
2682.4976000000006,99.97048000000001
2683.4617,99.97468
2684.4260000000004,99.983
2685.3901,99.99194
2686.3545,99.99806000000001
2687.3186000000005,99.99972000000001
2688.2830000000004,99.99798000000001
2689.2471,99.99320000000002
2690.2114,99.99054000000001
2691.1755,99.99168
2692.1399,99.99802000000001
2693.1040000000003,100.00836000000001
2694.0684000000006,100.01994
2695.0325,100.02936
2695.9968,100.03424000000001
2696.9609,100.03486000000001
2697.9253,100.03226000000001
2698.8894,100.02902
2699.8538000000003,100.02752000000001
2700.8179,100.02680000000001
2701.7822,100.02592000000001
2702.7463,100.02310000000001
2703.7107000000005,100.01834000000001
2704.6748,100.01002
2705.6392,99.99980000000001
2706.6033000000007,99.98698000000002
2707.5676,99.97406
2708.5317000000005,99.96280000000002
2709.4961000000003,99.95336000000002
2710.4602,99.94656
2711.4246,99.9431
2712.3887000000004,99.93871999999999
2713.353,99.93584000000001
2714.3171,99.92998000000001
2715.2815000000005,99.92138
2716.2456,99.91124
2717.21,99.90228000000002
2718.1741000000006,99.89522000000001
2719.1384,99.89202
2720.1025,99.89214000000001
2721.0669000000003,99.89470000000001
2722.031,99.89842000000002
2722.9954,99.90166
2723.9595000000004,99.90252
2724.9238000000005,99.89908
2725.8879,99.89074000000001
2726.8523,99.87832
2727.8164000000006,99.86458
2728.7808,99.85308
2729.7449,99.84652
2730.7092000000002,99.84540000000001
2731.6733,99.84824
2732.6377,99.85200000000002
2733.6018000000004,99.85358000000001
2734.5662,99.85102
2735.5303,99.84418000000001
2736.4946000000004,99.83438000000001
2737.4587,99.82386
2738.4231,99.81498
2739.3872000000006,99.80914000000001
2740.3516,99.80676000000001
2741.3157,99.80746
2742.28,99.81060000000001
2743.2441,99.81566000000001
2744.2085,99.82274000000001
2745.1726000000003,99.83122
2746.1370000000006,99.83978
2747.1011,99.84612000000001
2748.0654,99.84812
2749.0295000000006,99.84508000000001
2749.9939,99.83832000000001
2750.958,99.83152000000001
2751.9224000000004,99.82824
2752.8865,99.82992000000002
2753.8508,99.83484
2754.8149000000003,99.83872
2755.7793,99.83764000000001
2756.7434,99.82848000000001
2757.7078,99.81244000000001
2758.6719,99.79272
2759.6362,99.77372
2760.6003000000005,99.75904000000001
2761.5647,99.74976
2762.5288,99.7448
2763.4932,99.74128
2764.4573,99.73664
2765.4216,99.72992
2766.3857000000003,99.7226
2767.3501000000006,99.71668000000001
2768.3142,99.71372000000001
2769.2786,99.71336000000001
2770.2427,99.71184000000001
2771.207,99.70464000000001
2772.1711,99.68864
2773.1355000000003,99.66412000000001
2774.0996,99.63508
2775.064,99.60724000000002
2776.0281000000004,99.5844
2776.9924,99.56744
2777.9565,99.5522
2778.9209,99.53388
2779.885,99.50836000000001
2780.8494,99.47516000000002
2781.8135,99.43764000000002
2782.7778,99.40072
2783.7419,99.36904000000001
2784.7063,99.34444
2785.6704,99.32436000000001
2786.6348,99.30476000000002
2787.5989,99.28028
2788.5632000000005,99.24816000000001
2789.5273,99.20844
2790.4917,99.16424
2791.4558000000006,99.12
2792.4202000000005,99.0794
2793.3843,99.0432
2794.3486000000003,99.00948000000001
2795.3127,98.97492
2796.2771,98.9364
2797.2412000000004,98.89290000000001
2798.2056000000002,98.84472000000001
2799.1697,98.7936
2800.134,98.74072000000001
2801.0981,98.68664000000001
2802.0625,98.6314
2803.0266,98.57506000000001
2803.9910000000004,98.51794000000001
2804.9551,98.46064000000001
2805.9194,98.40328000000001
2806.8835,98.34486000000001
2807.8479000000007,98.28381999999999
2808.812,98.21812000000001
2809.7764,98.14632
2810.7405,98.0677
2811.7048,97.98252000000001
2812.6689000000006,97.89188000000001
2813.6333000000004,97.79734
2814.5974,97.6999
2815.5618,97.59952000000001
2816.5259000000005,97.49044
2817.4902,97.375
2818.4543000000003,97.24966
2819.4187000000006,97.11162000000002
2820.3828,96.95908
2821.3472,96.7921
2822.3113000000003,96.61224000000001
2823.2756,96.42154000000001
2824.2397,96.22186
2825.2041000000004,96.01392000000001
2826.1682,95.79746000000002
2827.1326,95.57076
2828.0967000000005,95.33176
2829.0610000000006,95.07816000000001
2830.0251,94.80912000000001
2830.9895,94.52582000000001
2831.9536,94.23176000000001
2832.918,93.93198
2833.8821000000003,93.63122000000001
2834.8464000000004,93.33279999999999
2835.8105,93.03822000000001
2836.7749,92.748
2837.7390000000005,92.46270000000001
2838.7034,92.18432000000001
2839.6675,91.91554
2840.6318000000006,91.6587
2841.5959,91.41382000000002
2842.5603,91.17778000000001
2843.5244000000002,90.94566
2844.4888,90.71316
2845.4529,90.48024
2846.4172000000003,90.25224
2847.3813,90.0386
2848.3457,89.84942000000001
2849.3098000000005,89.68968000000001
2850.2742,89.55734000000001
2851.2383,89.44350000000001
2852.2026,89.3366
2853.1667000000007,89.22756
2854.1311,89.11242
2855.0952,88.99212
2856.0596000000005,88.8697
2857.0237,88.74666
2857.988,88.62148
2858.9521000000004,88.49046
2859.9165,88.34932
2860.8806,88.19606
2861.8450000000003,88.03150000000001
2862.8091,87.85938
2863.7734,87.68490000000001
2864.7375000000006,87.51348
2865.7019,87.34898000000001
2866.666,87.19260000000001
2867.6304,87.04294000000002
2868.5945,86.89694
2869.5588,86.75116
2870.5229000000004,86.60426
2871.4873,86.45666
2872.4514,86.31082
2873.4158,86.16898
2874.3799,86.03232
2875.3442,85.90028000000001
2876.3083,85.77108000000001
2877.2727000000004,85.64298
2878.2368,85.51544000000001
2879.2012,85.38994
2880.1653000000006,85.27028
2881.1296,85.16246000000001
2882.0938,85.07320000000001
2883.0581,85.00894
2884.0222,84.97312
2884.9866,84.96484000000001
2885.9507000000003,84.97806
2886.915,85.00256000000002
2887.8792,85.02644000000001
2888.8435,85.04082
2889.8076,85.04303999999999
2890.772,85.03764000000001
2891.7361,85.03308
2892.7004000000006,85.03511999999999
2893.6646,85.03936
2894.6289,85.02965999999999
2895.593,84.98446000000001
2896.5574000000006,84.88892000000001
2897.5215,84.74618
2898.4858000000004,84.58070000000001
2899.45,84.42870000000002
2900.4143,84.32266000000001
2901.3784000000005,84.27596000000001
2902.3428000000004,84.27826000000002
2903.3069,84.3018
2904.2712,84.31558
2905.2354000000005,84.29716
2906.1997,84.23768000000001
2907.1638000000003,84.13968000000001
2908.1282000000006,84.01187999999999
2909.0923,83.8643
2910.0566,83.70646
2911.0208000000002,83.54632000000001
2911.9851,83.3896
2912.9492,83.2388
2913.9136000000003,83.09336000000002
2914.8777,82.95106000000001
2915.842,82.80966000000001
2916.8062000000004,82.66846000000001
2917.7705000000005,82.52720000000001
2918.7346,82.38578
2919.699,82.24340000000001
2920.6631000000007,82.09988
2921.6274,81.95696000000001
2922.5916,81.81798
2923.5559000000003,81.6864
2924.52,81.56376
2925.4844,81.44904
2926.4485000000004,81.34009999999999
2927.4128,81.23624000000001
2928.377,81.1395
2929.3413000000005,81.05472
2930.3054,80.98710000000001
2931.2698,80.94077999999999
2932.2339000000006,80.91820000000001
2933.1982,80.92076
2934.1624,80.9499
2935.1267000000003,81.00708
2936.0908,81.09312000000001
2937.0552,81.20756
2938.0193000000004,81.34798
2938.9836000000005,81.51134
2939.9478,81.69548
2940.9121,81.90002
2941.8762000000006,82.12598
2942.8406,82.37402
2943.8047,82.64154000000002
2944.7690000000002,82.92138
2945.7332,83.20232000000001
2946.6975,83.47234
2947.6616000000004,83.72236000000001
2948.626,83.94892000000002
2949.5901,84.15468000000001
2950.5544000000004,84.34542
2951.5186,84.52732
2952.4829,84.70389999999999
2953.4470000000006,84.87606000000001
2954.4114,85.04306
2955.3755,85.20498
2956.3398,85.36346
2957.304,85.5214
2958.2683,85.68096
2959.2324000000003,85.84182
2960.1968000000006,86.00048000000001
2961.1609,86.1517
2962.1252,86.29038
2963.0894,86.41444
2964.0537,86.52588
2965.0178,86.62982000000001
2965.9822000000004,86.73270000000001
2966.9463,86.84026
2967.9106,86.95692
2968.8748000000005,87.08614
2969.8391,87.23138
2970.8032,87.3959
2971.7676,87.58156
2972.7317,87.78748
2973.696,88.00958
2974.6602000000003,88.2415
2975.6245,88.47654
2976.5886,88.71000000000001
2977.553,88.93918000000001
2978.5171,89.16374
2979.4814,89.38398
2980.4456,89.59864
2981.4099000000006,89.80279999999999
2982.374,89.98748
2983.3384,90.14322000000001
2984.3025,90.26704000000001
2985.2668,90.37002
2986.231,90.47978
2987.1953000000003,90.63312000000002
2988.1594,90.86088000000001
2989.1238,91.17088000000001
2990.0879000000004,91.54136
2991.0522,91.92834
2992.0164,92.28490000000001
2992.9807,92.581
2993.9448,92.81372
2994.9092,93.00280000000001
2995.8733,93.1762
2996.8376,93.35564
2997.8018,93.5493
2998.7661,93.75422
2999.7302,93.96362
3000.6946,94.17346
3001.6587,94.38422
3002.6230000000005,94.59994
3003.5872,94.82444000000001
3004.5515,95.05934
3005.5156000000006,95.30210000000001
3006.4800000000005,95.54724
3007.4441,95.78742
3008.4084000000003,96.01646
3009.3726000000006,96.23218000000001
3010.3369,96.43758
3011.3010000000004,96.63984
3012.2654000000007,96.8458
3013.2295,97.05784
3014.1938,97.27180000000001
3015.1580000000004,97.47914000000002
3016.1223,97.67182
3017.0864,97.84620000000001
3018.0508000000004,98.00442000000001
3019.0149,98.1517
3019.9792,98.29288
3020.9434000000006,98.42992000000001
3021.9077000000007,98.56216
3022.8718,98.68796
3023.8362,98.80674
3024.8003,98.91942
3025.7646,99.02698000000001
3026.7288000000003,99.12946000000002
3027.6931000000004,99.22576000000001
3028.6572,99.31472000000001
3029.6216,99.39126
3030.5857000000005,99.46182000000002
3031.55,99.52956
3032.5142,99.5967
3033.4785000000006,99.66334
3034.4426,99.7279
3035.407,99.78826000000001
3036.3711000000003,99.84224
3037.3354,99.88858
3038.2996,99.92666000000001
3039.2639000000004,99.9563
3040.228,99.97616000000001
3041.1924,99.96456
3042.1565000000005,99.94002
3043.1208000000006,99.90820000000001
3044.085,99.87150000000001
3045.0493,99.83298
3046.0134,99.79544000000001
3046.9778,99.76022
3047.9419000000003,99.72618
3048.9063000000006,99.69000000000001
3049.8704,99.64694
3050.8347,99.59376
3051.7988000000005,99.52986
3052.7632,99.45830000000001
3053.7273,99.38486
3054.6917000000003,99.31562000000001
3055.6558,99.25488000000001
3056.6201,99.20352
3057.5842000000002,99.15856
3058.5486,99.11410000000001
3059.5127,99.06348
3060.4771,99.00164000000001
3061.4412,98.92724000000001
3062.4055,98.84344
3063.3696000000004,98.75698
3064.334,98.67569999999999
3065.2981,98.60518000000002
3066.2625,98.54614000000001
3067.2266,98.49482
3068.1909,98.44586000000001
3069.155,98.39508000000001
3070.1194000000005,98.34122
3071.0835,98.28506000000002
3072.0479,98.22722
3073.0120000000006,98.16660000000002
3073.9763,98.1002
3074.9404000000004,98.02560000000001
3075.9048000000003,97.94290000000001
3076.8689,97.85618000000001
3077.8333,97.77216
3078.7974000000004,97.69716
3079.7617,97.63396
3080.7258,97.58054000000001
3081.6902000000005,97.53110000000001
3082.6543,97.47928000000002
3083.6187,97.42092
3084.5828000000006,97.35560000000001
3085.5471,97.286
3086.5112,97.21558
3087.4756,97.14678
3088.4397,97.0798
3089.4041000000007,97.01232
3090.3682000000003,96.94156000000001
3091.3325000000004,96.86544000000002
3092.2966,96.78328
3093.261,96.69570000000002
3094.2251000000006,96.60396
3095.1895000000004,96.50924
3096.1536,96.41276
3097.1179000000006,96.31584
3098.082,96.22076000000001
3099.0464,96.12998
3100.0105000000003,96.04526000000001
3100.9749000000006,95.96686
3101.939,95.89322
3102.9033000000004,95.82166000000001
3103.8674,95.74982
3104.8318,95.6762
3105.7959000000005,95.59968
3106.7603000000004,95.51922000000002
3107.7244,95.43326
3108.6887,95.34034
3109.6528,95.24048
3110.6172000000006,95.13572
3111.5813000000003,95.03002
3112.5457000000006,94.92734
3113.5098,94.82972000000001
3114.4741,94.73634000000001
3115.4382000000005,94.64414
3116.4026000000003,94.55002
3117.3667,94.4531
3118.3311000000003,94.3552
3119.2952000000005,94.25980000000001
3120.2595,94.16982
3121.2236000000003,94.08576
3122.1880000000006,94.00580000000001
3123.1521,93.92724000000001
3124.1165,93.84796
3125.0806000000002,93.76688
3126.0449,93.68352
3127.0090000000005,93.59624000000001
3127.9734000000003,93.50288
3128.9375,93.40166
3129.9019,93.29328000000001
3130.8660000000004,93.18234
3131.8303000000005,93.07522
3132.7944,92.97762
3133.7588000000005,92.89094
3134.7229000000007,92.81204
3135.6873,92.73434
3136.6514000000006,92.65192
3137.6157000000003,92.56172
3138.5798,92.46460000000002
3139.5442000000003,92.36372
3140.5083000000004,92.26208
3141.4727,92.1613
3142.4368000000004,92.0611
3143.4011000000005,91.95998
3144.3652,91.85682000000001
3145.3296,91.75174000000001
3146.2937000000006,91.64678
3147.2581,91.54486
3148.2222,91.44848
3149.1865000000003,91.35816
3150.1506,91.27152000000001
3151.115,91.1841
3152.0791000000004,91.09106
3153.0435000000007,90.98964000000001
3154.0076,90.88012
3154.9719000000005,90.76544
3155.9360000000006,90.64916
3156.9004,90.53426
3157.8645000000006,90.42188
3158.8289000000004,90.31236
3159.793,90.20590000000001
3160.7573,90.10258
3161.7214000000004,90.00218000000001
3162.6858,89.90342
3163.6499000000003,89.80420000000001
3164.6143000000006,89.70282
3165.5784,89.59926
3166.5427,89.49524000000001
3167.5068000000006,89.3934
3168.4712,89.29504
3169.4353,89.23676
3170.3997000000004,89.13838000000001
3171.3638,89.03310000000002
3172.3281,88.91828000000001
3173.2922000000003,88.79468
3174.2566000000006,88.66662
3175.2207,88.53968
3176.1851,88.41908000000001
3177.1492,88.30802
3178.1135,88.20599999999999
3179.0776000000005,88.11036
3180.0420000000004,88.01698
3181.0061,87.92284000000001
3181.9705,87.82682
3182.9346000000005,87.73036
3183.8989,87.63566
3184.8630000000003,87.5434
3185.8274000000006,87.45178
3186.7915,87.35688
3187.7559,87.25536000000001
3188.7200000000003,87.14706
3189.6843,87.03576000000001
3190.6484,86.92750000000001
3191.6128000000003,86.82622
3192.5769,86.73164
3193.5413,86.63908
3194.5054000000005,86.54244
3195.4697000000006,86.43838000000001
3196.4338,86.32794
3197.3982,86.21594
3198.3623,86.1078
3199.3267000000005,86.00630000000001
3200.2908,85.91120000000001
3201.2551000000003,85.8199
3202.2192,85.72914
3203.1836,85.63666
3204.1477000000004,85.54104
3205.1121000000003,85.44248
3206.0762,85.34244
3207.0405000000005,85.24314000000001
3208.0046,85.14674000000001
3208.969,85.05364
3209.9331000000006,84.96196
3210.8975000000005,84.86822000000001
3211.8616,84.77024
3212.8259000000003,84.66932
3213.79,84.57016000000002
3214.7544,84.4787
3215.7185000000004,84.39806000000002
3216.6829000000002,84.3259
3217.647,84.25568000000001
3218.6113,84.17988000000001
3219.5754000000006,84.0942
3220.5398000000005,83.99972000000001
3221.5039,83.90148
3222.4683000000005,83.80506000000001
3223.4324000000006,83.71392
3224.3967,83.62806
3225.3608000000004,83.54502000000001
3226.3252000000007,83.46262
3227.2893,83.38000000000001
3228.2537,83.29848000000001
3229.2178000000004,83.22030000000001
3230.1821,83.14692
3231.1462000000006,83.0776
3232.1106000000004,83.00976
3233.0747,82.94024
3234.0391,82.86678
3235.0032000000006,82.78970000000001
3235.9675000000007,82.71114
3236.9316000000003,82.63345999999999
3237.8960000000006,82.55738000000002
3238.8601,82.48132
3239.8245,82.40286
3240.7886000000003,82.32114
3241.7529000000004,82.23824
3242.717,82.15862000000001
3243.6814000000004,82.08706000000001
3244.6455000000005,82.02524
3245.6099,81.97044000000001
3246.5740000000005,81.91656
3247.5383000000006,81.85762000000001
3248.5024,81.79038
3249.4668,81.71514
3250.4309000000003,81.63516
3251.3953,81.5545
3252.3594000000003,81.47698
3253.3237000000004,81.40514
3254.2878,81.34004000000002
3255.2522,81.28146000000001
3256.2163000000005,81.22816
3257.1807,81.17798
3258.1448,81.12837999999999
3259.1091000000006,81.07715999999999
3260.0732,81.02248
3261.0376,80.96372000000001
3262.0017000000003,80.90086000000001
3262.9661000000006,80.83496
3263.9302,80.76736000000001
3264.8945000000003,80.69968000000001
3265.8586000000005,80.63284000000002
3266.823,80.56698
3267.7871000000005,80.50126
3268.7515000000003,80.43504000000001
3269.7156,80.36852
3270.6799,80.30360000000002
3271.6440000000002,80.24314
3272.6084,80.18974
3273.5725,80.14376
3274.5369000000005,80.10355999999999
3275.501,80.0657
3276.4653,80.02756000000001
3277.4294000000004,79.9882
3278.3938,79.94826
3279.3579,79.90898
3280.3223000000003,79.87056000000001
3281.2864,79.83148
3282.2507,79.78986
3283.2148000000007,79.74392
3284.1792000000005,79.69314
3285.1433,79.63802
3286.1077,79.57934
3287.0718000000006,79.51788
3288.0361,79.4546
3289.0002000000004,79.39136
3289.9646000000002,79.33108
3290.9287,79.2774
3291.8931,79.23310000000001
3292.8572000000004,79.1989
3293.8215,79.17248000000001
3294.7856,79.14894000000001
3295.7500000000005,79.12178
3296.7141,79.08574
3297.6785,79.03824
3298.6426000000006,78.98098
3299.6069000000007,78.9193
3300.571,78.86008
3301.5354,78.80884
3302.4995,78.7675
3303.4639000000006,78.73444
3304.4280000000003,78.7063
3305.3923000000004,78.68018000000001
3306.3564,78.65536
3307.3208,78.63260000000001
3308.2849000000006,78.61243999999999
3309.2493000000004,78.59396000000001
3310.2134,78.57468
3311.1777000000006,78.55226
3312.1418,78.52582000000001
3313.1062,78.49664000000001
3314.0703000000003,78.46712
3315.0347000000006,78.43894
3315.9988,78.41244
3316.9631000000004,78.38662000000001
3317.9272,78.36052
3318.8916,78.33432
3319.8557000000005,78.30884
3320.8201000000004,78.28434000000001
3321.7842,78.25942
3322.7485,78.23152
3323.7126,78.1984
3324.6770000000006,78.16054
3325.6411000000003,78.12144
3326.6055000000006,78.08652000000001
3327.5696,78.05956
3328.5339,78.04052000000001
3329.4980000000005,78.02496000000001
3330.4624000000003,78.00726
3331.4265,77.98407999999999
3332.3909000000003,77.95646
3333.3550000000005,77.92946
3334.3193,77.90830000000001
3335.2834000000003,77.89478
3336.2478000000006,77.88574
3337.2119,77.875
3338.1763,77.85808
3339.1404000000007,77.83496
3340.1047,77.81060000000001
3341.0688000000005,77.79088
3342.0332000000003,77.77914000000001
3342.9973,77.77406
3343.9617,77.77120000000001
3344.9258000000004,77.76694
3345.8901000000005,77.76122
3346.8542,77.75688
3347.8186000000005,77.75748
3348.7827000000007,77.76306000000001
3349.7471,77.76986
3350.7112000000006,77.77206000000001
3351.6755000000003,77.76538000000001
3352.6396,77.74974
3353.6040000000003,77.7297
3354.5681000000004,77.7116
3355.5325,77.70100000000001
3356.4966000000004,77.69996
3357.4609000000005,77.70664000000001
3358.425,77.71602
3359.3894,77.72164
3360.3535000000006,77.71806000000001
3361.3179,77.70292
3362.282,77.67905999999999
3363.2463000000002,77.6545
3364.2104,77.63926000000001
3365.1748,77.64142
3366.1389000000004,77.66298
3367.1033000000007,77.69866
3368.0674,77.73864
3369.0317000000005,77.77383999999999
3369.9958000000006,77.79939999999999
3370.9602,77.81542
3371.9243000000006,77.82464
3372.8887000000004,77.83012000000001
3373.8528,77.83366000000001
3374.8171,77.83696
3375.7813000000006,77.84236000000001
3376.7456,77.85342
3377.7097000000003,77.87313999999999
3378.6741000000006,77.90132
3379.6382,77.9348
3380.6025,77.96806000000001
3381.5667000000003,77.99654000000001
3382.531,78.0183
3383.4951,78.03414000000001
3384.4595000000004,78.04618
3385.4236,78.05632
3386.3879,78.06569999999999
3387.3521000000005,78.07582000000001
3388.3164000000006,78.0889
3389.2805,78.10814
3390.2449,78.13550000000001
3391.209,78.17068
3392.1733,78.21112000000001
3393.1375000000003,78.25372
3394.1018000000004,78.29740000000001
3395.0659,78.3434
3396.0303,78.39328
3396.9944000000005,78.44588
3397.9587,78.49618
3398.9229,78.5372
3399.8872000000006,78.56497999999999
3400.8513,78.58168
3401.8157,78.5954
3402.7798000000003,78.61606
3403.7441,78.65022
3404.7083,78.69856000000001
3405.6726000000003,78.75622000000001
3406.6367,78.81668
3407.6011,78.87490000000001
3408.5652000000005,78.92892
3409.5295000000006,78.97914
3410.4937,79.02686
3411.458,79.07302000000001
3412.4221,79.11794
3413.3865000000005,79.16199999999999
3414.3506,79.20580000000001
3415.3149000000003,79.25026
3416.2791000000007,79.2961
3417.2434,79.34464
3418.2075000000004,79.39756
3419.1719000000003,79.4571
3420.136,79.52456000000001
3421.1003000000005,79.59924
3422.0645000000004,79.6778
3423.0288,79.75590000000001
3423.9929000000006,79.83018
3424.9573000000005,79.89962
3425.9214,79.9654
3426.8857000000003,80.03016000000001
3427.8499000000006,80.09638
3428.8142,80.16524000000001
3429.7783000000004,80.23666
3430.7427000000002,80.30944
3431.7068,80.38234000000001
3432.6711,80.45462
3433.6353000000004,80.52596
3434.5996000000005,80.59578
3435.5637,80.6636
3436.5281000000004,80.7294
3437.4922000000006,80.79433999999999
3438.4565,80.86006
3439.4207000000006,80.92754000000001
3440.3850000000007,80.99568000000001
3441.3491,81.06158
3442.3135,81.12286
3443.2776000000003,81.1801
3444.2419,81.2386
3445.2061000000003,81.30673999999999
3446.1704000000004,81.39132000000001
3447.1345,81.49302
3448.0989,81.60538000000001
3449.0630000000006,81.71864000000001
3450.0273000000007,81.82554
3450.9915,81.92316000000001
3451.9558000000006,82.01212
3452.9199,82.09376
3453.8843,82.16874
3454.8484000000003,82.23778
3455.8127000000004,82.30236
3456.7769,82.36548
3457.7412000000004,82.43075999999999
3458.7053000000005,82.50094000000001
3459.6697,82.57715999999999
3460.6338000000005,82.65944
3461.5981000000006,82.74654000000001
3462.5623,82.8377
3463.5266,82.93242000000001
3464.4907000000003,83.03064
3465.4551,83.13212
3466.4192000000003,83.23562000000001
3467.3835000000004,83.33832
3468.3477,83.43582
3469.312,83.52448
3470.2761000000005,83.60346000000001
3471.2405,83.67624
3472.2046,83.74978000000002
3473.1689000000006,83.83044
3474.1331,83.92056
3475.0974,84.01598
3476.0615000000003,84.1095
3477.0259000000005,84.19582
3477.99,84.27588
3478.9543000000003,84.35661999999999
3479.9185000000007,84.44662
3480.8828,84.55036
3481.8469000000005,84.66462
3482.8113000000003,84.78046
3483.7754,84.88968
3484.7397,84.98982000000001
3485.7039000000004,85.08476
3486.6682,85.18106
3487.6323,85.28332
3488.5967000000005,85.39164000000001
3489.5608,85.50204
3490.5251,85.60946
3491.4893000000006,85.71178
3492.4536,85.81066
3493.4177,85.91068000000001
3494.3821000000003,86.01576
3495.3462,86.1249
3496.3105,86.23156
3497.2747000000004,86.32684
3498.2390000000005,86.40630000000002
3499.2031,86.47462
3500.1675,86.54596000000001
3501.1316000000006,86.6388
3502.0959,86.7653
3503.0601,86.92122
3504.0244000000002,87.08584
3504.9885,87.23668
3505.9529,87.36346
3506.9170000000004,87.47168
3507.8813,87.57562
3508.8455,87.68928000000001
3509.8098000000005,87.81886
3510.7739,87.96052
3511.7383,88.10444000000001
3512.7024000000006,88.24332000000001
3513.6667000000007,88.37498000000001
3514.6309,88.50112000000001
3515.5952,88.62276
3516.5593,88.73886
3517.5237000000006,88.8477
3518.4878000000003,88.94874
3519.4521000000004,89.04474
3520.4163,89.14078
3521.3806,89.24182
3522.3447000000006,89.35074
3523.3091000000004,89.46698
3524.2732,89.58874
3525.2375000000006,89.71576
3526.2017000000005,89.85082
3527.166,89.99736
3528.1301000000003,90.15454
3529.0945000000006,90.31492
3530.0586,90.46764
3531.0229000000004,90.60592000000001
3531.9871000000003,90.73116
3532.9514,90.85202
3533.9155000000005,90.97990000000001
3534.8799000000004,91.12281999999999
3535.844,91.28124000000001
3536.8083,91.44586000000001
3537.7725000000005,91.6007
3538.7368000000006,91.73132000000001
3539.7009000000003,91.83142000000001
3540.6653000000006,91.90568000000002
3541.6294,91.96802000000001
3542.5938,92.03908000000001
3543.5579000000002,92.14254000000001
3544.5222000000003,92.29338000000001
3545.4863,92.48448
3546.4507000000003,92.68610000000001
3547.4148000000005,92.86644000000001
3548.3792,93.01462000000001
3549.3433000000005,93.14246000000001
3550.3076000000005,93.27154
3551.2717,93.41872000000001
3552.2361,93.58622000000001
3553.2002000000007,93.76056000000001
3554.1646,93.92330000000001
3555.1287,94.06398
3556.0930000000003,94.18492
3557.0571,94.29464000000002
3558.0215,94.3995
3558.9856000000004,94.49906
3559.95,94.58848
3560.9141,94.66352
3561.8784000000005,94.72566
3562.8425000000007,94.78192
3563.8069,94.8437
3564.7710000000006,94.93286000000002
3565.7354000000005,95.0846
3566.6995,95.31708
3567.6638000000003,95.58690000000001
3568.6279000000004,95.81642
3569.5923,95.97008000000001
3570.5564000000004,96.06876000000001
3571.5208000000002,96.14986
3572.4849,96.23644
3573.4492,96.33294000000001
3574.4133000000006,96.43322
3575.3777,96.53152
3576.3418,96.62628000000001
3577.3062000000004,96.71894
3578.2703,96.80930000000001
3579.2346,96.89356000000002
3580.1987000000004,96.96720000000002
3581.1631000000007,97.03076
3582.1272,97.09186000000001
3583.0916,97.16110000000002
3584.0557,97.24548
3585.02,97.34798
3585.9841000000006,97.47308000000001
3586.9485000000004,97.61834
3587.9126,97.75322000000001
3588.877,97.83444
3589.8411000000006,97.8515
3590.8054,97.83326000000001
3591.7695000000003,97.81644000000001
3592.7339000000006,97.82298
3593.698,97.85732000000002
3594.6624,97.91184000000001
3595.6265000000003,97.97270000000002
3596.5908,98.03084000000001
3597.5549,98.0905
3598.5193000000004,98.16566
3599.4834,98.26638
3600.4478,98.38680000000001
3601.4119000000005,98.50712000000001
3602.3762000000006,98.61010000000002
3603.3403,98.69484000000001
3604.3047,98.77392000000002
3605.2688,98.86214000000001
3606.2332000000006,98.96900000000001
3607.1973000000003,99.09386
3608.1616000000004,99.22146000000002
3609.1257,99.32636
3610.0901,99.38976
3611.0542000000005,99.41294
3612.0186000000003,99.41392
3612.9829,99.41424000000002
3613.9470000000006,99.42752000000002
3614.9114000000004,99.45708
3615.8755,99.50002
3616.8398,99.55306000000002
3617.8040000000005,99.61624
3618.7683000000006,99.68644
3619.7324000000003,99.74304000000002
3620.6968000000006,99.75356000000001
3621.6609,99.71044000000002
3622.6252,99.64782000000001
3623.5894000000003,99.61594
3624.5537000000004,99.64586000000001
3625.5178,99.73238
3626.4822000000004,99.8441
3627.4463000000005,99.95904
3628.4106,100.07782
3629.3748000000005,100.17446000000001
3630.3391000000006,100.20114
3631.3032,100.16216
3632.2676,100.11300000000001
3633.2317000000003,100.10232000000002
3634.196,100.1324
3635.1602000000003,100.18594
3636.1245000000004,100.23660000000001
3637.0886,100.26440000000002
3638.053,100.26360000000001
3639.0171000000005,100.24400000000001
3639.9814000000006,100.21360000000001
3640.9456,100.18
3641.9099000000006,100.15020000000001
3642.874,100.13419999999999
3643.8384,100.1358
3644.8025000000002,100.14280000000001
3645.7668000000003,100.11940000000001
3646.731,100.03304
3647.6953000000003,99.93844000000001
3648.6594000000005,99.98488000000002
3649.6238,100.1772
3650.5879000000004,100.32740000000001
3651.5522000000005,100.3392
3652.5164,100.26780000000002
3653.4807,100.1902
3654.4448000000007,100.1416
3655.4092,100.11668
3656.3733,100.09452
3657.3376000000003,100.05756000000001
3658.3018,100.0054
3659.2661,99.9552
3660.2302000000004,99.92692000000001
3661.1946,99.92568
3662.1587,99.94008000000001
3663.1230000000005,99.95572
3664.0872,99.96888000000001
3665.0515,99.98484
3666.0156000000006,100.00292
3666.9800000000005,100.00472
3667.9441,99.97068000000002
3668.9084000000003,99.91052
3669.8726000000006,99.8596
3670.8369,99.83556000000002
3671.8010000000004,99.82988
3672.7654000000007,99.82560000000001
3673.7295,99.81084000000001
3674.6938,99.79684
3675.6580000000004,99.81532000000001
3676.6223,99.86428000000001
3677.5864,99.90228000000002
3678.5508000000004,99.91112000000001
3679.5149,99.90484000000001
3680.4792,99.89420000000001
3681.4434000000006,99.87540000000001
3682.4077000000007,99.84476000000001
3683.3718,99.81236000000001
3684.3362,99.79544000000001
3685.3003,99.79708000000001
3686.2646,99.7922
3687.2288000000003,99.74552000000001
3688.1931000000004,99.66236
3689.1572,99.6068
3690.1216,99.62212000000001
3691.0857000000005,99.67956000000001
3692.05,99.73880000000001
3693.0142,99.78876
3693.9785000000006,99.83272000000001
3694.9426,99.87192
3695.907,99.90688
3696.8711000000003,99.94072
3697.8354,99.97900000000001
3698.7996,100.02568
3699.7639000000004,100.08131999999999
3700.728,100.1422
3701.6924,100.2008
3702.6565000000005,100.24140000000001
3703.6208000000006,100.25280000000001
3704.585,100.2392
3705.5493,100.215
3706.5134,100.1906
3707.4778000000006,100.164
3708.4419000000003,100.135
3709.4063000000006,100.14080000000001
3710.3704,100.24880000000002
3711.3347,100.46440000000001
3712.2988000000005,100.6808
3713.2632000000003,100.78820000000002
3714.2273,100.7758
3715.1917000000003,100.695
3716.1558000000005,100.5978
3717.1201,100.5094
3718.0842000000002,100.4306
3719.0486000000005,100.3542
3720.0127,100.27360000000002
3720.9771,100.19180000000001
3721.9412000000007,100.1182
3722.9055,100.06500000000001
3723.8696000000004,100.04048
3724.8340000000003,100.04188
3725.7981,100.0556
3726.7625,100.06580000000001
3727.7266000000004,100.06880000000001
3728.6909000000005,100.0716
3729.655,100.07520000000001
3730.6194000000005,100.07088
3731.5835000000006,100.0366
3732.5479,99.96732000000002
3733.5120000000006,99.90520000000002
3734.4763000000003,99.92368000000002
3735.4404,100.02904000000002
3736.4048000000003,100.12819999999999
3737.3689000000004,100.14880000000001
3738.3333,100.1208
3739.2974000000004,100.12760000000002
3740.2617000000005,100.22400000000002
3741.2258,100.40580000000001
3742.1902,100.60320000000002
3743.1543000000006,100.70960000000002
3744.1187,100.6602
3745.0828,100.4932
3746.0471000000002,100.2626
3747.0112,100.05352
3747.9756,99.91760000000001
3748.9397000000004,99.87660000000002
3749.9041000000007,99.94308
3750.8682,100.0932
3751.8325000000004,100.2218
3752.7966000000006,100.23020000000001
3753.761,100.1316
3754.7251000000006,100.00207999999999
3755.6895000000004,99.90228
3756.6536,99.85404000000001
3757.6179,99.85784
3758.5820000000003,99.90156000000002
3759.5464,99.96028000000001
3760.5105000000003,100.006
3761.4749000000006,100.02768
3762.439,100.03320000000001
3763.4033,100.03520000000002
3764.3674000000005,100.04008
3765.3318,100.04712
3766.2959,100.0516
3767.2603000000004,100.05252000000002
3768.2244,100.05256
3769.1887,100.0598
3770.1528000000003,100.07580000000002
3771.1172000000006,100.09280000000001
3772.0813,100.0968
3773.0457,100.08880000000002
3774.0098,100.07660000000001
3774.9741,100.0682
3775.9382000000005,100.0646
3776.9026000000003,100.0578
3777.8667,100.0492
3778.8311,100.04044000000002
3779.7952000000005,100.02868000000001
3780.7595,100.00716
3781.7236000000003,99.97652000000001
3782.6880000000006,99.94684000000001
3783.6521,99.93212
3784.6165,99.94208
3785.5806000000002,99.9762
3786.5449,100.02348
3787.509,100.0692
3788.4734000000003,100.10260000000001
3789.4375,100.1222
3790.4019,100.13
3791.3660000000004,100.12740000000001
3792.3303000000005,100.10900000000001
3793.2944,100.06920000000001
3794.2588,100.00512
3795.2229000000007,99.93268000000002
3796.1873000000005,99.87568
3797.1514,99.85176000000001
3798.1157000000003,99.85752000000001
3799.0798,99.87208000000001
3800.0442,99.87544000000001
3801.0083000000004,99.86588
3801.9727000000003,99.85424
3802.9368,99.85284
3803.9011000000005,99.87672
3804.8652,99.93736
3805.8296,100.02704
3806.7937000000006,100.114
3807.7581000000005,100.15360000000001
3808.7222,100.1272
3809.6865000000003,100.0622
3810.6506,100.01092
3811.615,100.01076
3812.5791000000004,100.05340000000001
3813.5435000000007,100.09240000000001
3814.5076,100.07900000000001
3815.4719,100.004
3816.4360000000006,99.89496000000001
3817.4004000000004,99.7938
3818.3645,99.73400000000001
3819.3289000000004,99.73400000000001
3820.2930000000006,99.79024000000001
3821.2573,99.8644
3822.2214000000004,99.89932
3823.1858000000007,99.86988
3824.1499,99.80264000000001
3825.1143,99.74432000000002
3826.0784000000003,99.72712000000001
3827.0427,99.75592
3828.0068000000006,99.81444
3828.9712000000004,99.87716
3829.9353,99.92403999999999
3830.8997,99.94784000000001
3831.8638000000005,99.95444
3832.8281000000006,99.95428
3833.7922000000003,99.95204000000001
3834.7566000000006,99.93996000000001
3835.7207,99.90284000000001
3836.6851,99.83524
3837.6492000000003,99.75668
3838.6135000000004,99.70132
3839.5776,99.68944
3840.5420000000004,99.7202
3841.5061000000005,99.78172
3842.4705,99.85696000000002
3843.4346000000005,99.91968000000001
3844.3989000000006,99.94276
3845.363,99.91516
3846.3274,99.85752000000001
3847.2915000000003,99.81424000000001
3848.2559,99.8332
3849.2200000000003,99.93632000000001
3850.1843000000003,100.101
3851.1484,100.26820000000001
3852.1128,100.39900000000002
3853.0769000000005,100.5002
3854.0413,100.5282
3855.0054,100.41040000000001
3855.9697000000006,100.19080000000001
3856.9338,99.98436000000001
3857.8982,99.86612
3858.8623000000002,99.84544000000001
3859.8267000000005,99.88044000000002
3860.7908,99.91188000000001
3861.7551000000003,99.90284000000001
3862.7192000000005,99.86460000000001
3863.6836,99.84008
3864.6477000000004,99.85804000000002
3865.6121000000003,99.912
3866.5762,99.97552
3867.5405,100.01832000000002
3868.5046000000007,100.02116000000001
3869.469,99.988
3870.4331,99.94636000000001
3871.3975000000005,99.92264
3872.3616,99.92236000000001
3873.3259,99.93344
3874.2900000000004,99.94572000000001
3875.2544,99.95796000000001
3876.2185,99.97052000000001
3877.1829000000002,99.97776
3878.147,99.96904
3879.1113,99.94008000000001
3880.0754000000006,99.90404000000001
3881.0398000000005,99.88656
3882.0039,99.90792
3882.9683,99.9696
3883.9324000000006,100.05279999999999
3884.8967,100.12700000000001
3885.8608000000004,100.16100000000002
3886.8252000000007,100.1452
3887.7893,100.0924
3888.7537,100.02708
3889.7178000000004,99.96712
3890.6821,99.92588
3891.6462,99.90940000000002
3892.6106000000004,99.91032
3893.5747,99.91496000000001
3894.5391,99.92168000000001
3895.5032000000006,99.93768
3896.4675000000007,99.96184000000001
3897.4316,99.97884000000002
3898.396,99.97348
3899.3601,99.94695999999999
3900.3245000000006,99.91436
3901.2886000000003,99.8914
3902.2529000000004,99.88584
3903.217,99.89928
3904.1814,99.92368
3905.1455000000005,99.94452
3906.1099000000004,99.9538
3907.074,99.95500000000001
3908.0383000000006,99.95708000000002
3909.0024,99.96244000000002
3909.9668,99.96768
3910.9309000000003,99.96784000000001
3911.8953000000006,99.96256000000001
3912.8594,99.95488
3913.8237000000004,99.94932
3914.7878,99.94752
3915.7522,99.94992000000002
3916.7163000000005,99.95596
3917.6807000000003,99.96256
3918.6448,99.96108000000001
3919.6091,99.94480000000001
3920.5732,99.91520000000001
3921.5376000000006,99.88056
3922.5017000000003,99.84920000000001
3923.4661000000006,99.82620000000001
3924.4302,99.81024
3925.3945,99.79428000000001
3926.3586000000005,99.77176
3927.3230000000003,99.74224000000001
3928.2871,99.71256000000001
3929.2515000000003,99.69391999999999
3930.2156000000004,99.69872000000001
3931.1799,99.73568
3932.1440000000002,99.7998
3933.1084000000005,99.87076000000002
3934.0725,99.92668
3935.0369,99.95648
3936.0010000000007,99.96152000000001
3936.9653,99.94800000000001
3937.9294000000004,99.92048000000001
3938.8938000000003,99.88296
3939.8579,99.84092000000001
3940.8223,99.80472000000002
3941.7864000000004,99.78648
3942.7507000000005,99.792
3943.7148,99.81508000000001
3944.6792000000005,99.84164000000001
3945.6433000000006,99.85788000000001
3946.6077,99.85692
3947.5718000000006,99.8408
3948.5361000000003,99.81924000000001
3949.5002,99.80304000000001
3950.4646000000002,99.79760000000002
3951.4287000000004,99.80128
3952.3931,99.80868
3953.3572000000004,99.816
3954.3215000000005,99.82052000000002
3955.2856,99.82092
3956.25,99.8178
3957.2141000000006,99.81236000000001
3958.1785,99.80760000000001
3959.1426,99.80672000000001
3960.1069000000007,99.81236
3961.071,99.82444000000001
3962.0354,99.83928
3962.9995000000004,99.85132
3963.9639000000006,99.85600000000001
3964.928,99.85208000000002
3965.8923000000004,99.84176
3966.8564000000006,99.82844000000001
3967.8208,99.81552
3968.7849000000006,99.80476
3969.7493000000004,99.79676
3970.7134,99.79228
3971.6777,99.79148
3972.6418000000003,99.79432
3973.6062,99.79880000000001
3974.5703000000003,99.80228
3975.5347000000006,99.80220000000001
3976.4988,99.79716
3977.4631,99.78872000000001
3978.4272000000005,99.77880000000002
3979.3916,99.76975999999999
3980.3557,99.76296
3981.3201000000004,99.75916000000001
3982.2842,99.75828000000001
3983.2485,99.75980000000001
3984.2126000000003,99.76346000000001
3985.1770000000006,99.76832000000002
3986.1411,99.77292000000001
3987.1055,99.775
3988.0696,99.77120000000001
3989.0339,99.75872000000001
3989.9980000000005,99.7358
3990.9624000000003,99.70538
3991.9265,99.6748
3992.8909,99.6539
3993.8550000000005,99.65020000000001
3994.8193,99.66464
3995.7834000000003,99.69032
3996.7478000000006,99.71592000000001
3997.7119,99.73144
3998.6763,99.73468
3999.6404000000007,99.72878
4000.6047,99.58994000000001
